Ticker,Start,End,Window,Benchmark Total Log Return,ADF p-value,Hurst,Half-life,Volatility,CapSize,Total Log Return,Annualized Log Return,Sharpe Ratio,Max Drawdown,Annualized Volatility
AAPL,2015-01-01,2024-12-31,1,2.3358067970144436,0.927,0.676,6118.0917,0.0179,Large,0.0,0.0,,0.0,0.0
AAPL,2015-01-01,2024-12-31,2,2.3358067970144436,0.927,0.676,6118.0917,0.0179,Large,0.0,0.0,,0.0,0.0
AAPL,2015-01-01,2024-12-31,3,2.3358067970144436,0.927,0.676,6118.0917,0.0179,Large,0.0,0.0,,0.0,0.0
AAPL,2015-01-01,2024-12-31,5,2.3358067970144436,0.927,0.676,6118.0917,0.0179,Large,-0.6903178053368417,-0.06916902065402947,-0.6421369655128085,0.5198343329226792,0.10771692702473733
AAPL,2015-01-01,2024-12-31,8,2.3358067970144436,0.927,0.676,6118.0917,0.0179,Large,-0.5548949133060556,-0.05559980841078569,-0.41599114776178214,0.4764492044156631,0.13365622972973693
AAPL,2015-01-01,2024-12-31,13,2.3358067970144436,0.927,0.676,6118.0917,0.0179,Large,-0.665984025352194,-0.06673080492594549,-0.4455637403194372,0.5188350292741046,0.1497671351760004
AAPL,2015-01-01,2024-12-31,21,2.3358067970144436,0.927,0.676,6118.0917,0.0179,Large,-0.2518616629814683,-0.02523623819933599,-0.15881295841136908,0.5164053816410433,0.158905409557117
AAPL,2015-01-01,2024-12-31,34,2.3358067970144436,0.927,0.676,6118.0917,0.0179,Large,-0.7540909900960606,-0.07555901769550985,-0.43950792776702824,0.6061978283019283,0.17191730324273405
AAPL,2015-01-01,2024-12-31,55,2.3358067970144436,0.927,0.676,6118.0917,0.0179,Large,-0.47505072088784395,-0.047599515572062295,-0.27687780790400607,0.5424990153718157,0.17191524280113166
AAPL,2015-01-01,2024-12-31,89,2.3358067970144436,0.927,0.676,6118.0917,0.0179,Large,-0.8123050237472026,-0.0813919944271551,-0.48036263042950905,0.5746170069726515,0.16943864753671548
AAPL,2015-01-01,2024-12-31,144,2.3358067970144436,0.927,0.676,6118.0917,0.0179,Large,-0.9569684147911285,-0.09588709364905144,-0.5978777250726299,0.6997324459693103,0.16037910366606
MSFT,2015-01-01,2024-12-31,1,2.35700482666462,0.8357,0.7139,2171.7821,0.0171,Large,0.0,0.0,,0.0,0.0
MSFT,2015-01-01,2024-12-31,2,2.35700482666462,0.8357,0.7139,2171.7821,0.0171,Large,0.0,0.0,,0.0,0.0
MSFT,2015-01-01,2024-12-31,3,2.35700482666462,0.8357,0.7139,2171.7821,0.0171,Large,0.0,0.0,,0.0,0.0
MSFT,2015-01-01,2024-12-31,5,2.35700482666462,0.8357,0.7139,2171.7821,0.0171,Large,0.11381459712227332,0.011404086868712873,0.1015993384500728,0.3242363074315565,0.11224568036254474
MSFT,2015-01-01,2024-12-31,8,2.35700482666462,0.8357,0.7139,2171.7821,0.0171,Large,0.4819662617647661,0.04829244451877577,0.3622007244086249,0.22730012914190534,0.133330612735864
MSFT,2015-01-01,2024-12-31,13,2.35700482666462,0.8357,0.7139,2171.7821,0.0171,Large,0.24841814635403936,0.024891201940842118,0.1679936130599567,0.3650609321306122,0.14816754927437914
MSFT,2015-01-01,2024-12-31,21,2.35700482666462,0.8357,0.7139,2171.7821,0.0171,Large,0.7738352109653701,0.07753736507486016,0.5049729146010711,0.19685558644431855,0.15354757222199675
MSFT,2015-01-01,2024-12-31,34,2.35700482666462,0.8357,0.7139,2171.7821,0.0171,Large,0.24872612585117262,0.0249220611190837,0.16093676265695817,0.22087385610780774,0.15485623488155945
MSFT,2015-01-01,2024-12-31,55,2.35700482666462,0.8357,0.7139,2171.7821,0.0171,Large,0.647850771854992,0.0649138745556493,0.4353475447441718,0.2975418479202945,0.14910816734660895
MSFT,2015-01-01,2024-12-31,89,2.35700482666462,0.8357,0.7139,2171.7821,0.0171,Large,-0.0205830122383166,-0.002062393273978443,-0.013638714833996897,0.3907983629053706,0.15121610056964932
MSFT,2015-01-01,2024-12-31,144,2.35700482666462,0.8357,0.7139,2171.7821,0.0171,Large,-0.4477601374366811,-0.04486503166363564,-0.3152474401065165,0.516432658828927,0.14231687860328554
JPM,2015-01-01,2024-12-31,1,1.6106611568991565,0.8745,0.5889,1497.4316,0.0172,Large,0.0,0.0,,0.0,0.0
JPM,2015-01-01,2024-12-31,2,1.6106611568991565,0.8745,0.5889,1497.4316,0.0172,Large,0.0,0.0,,0.0,0.0
JPM,2015-01-01,2024-12-31,3,1.6106611568991565,0.8745,0.5889,1497.4316,0.0172,Large,0.0,0.0,,0.0,0.0
JPM,2015-01-01,2024-12-31,5,1.6106611568991565,0.8745,0.5889,1497.4316,0.0172,Large,-0.7231285303169377,-0.07245661615899336,-0.6863926372923654,0.5692744918760487,0.10556147053793474
JPM,2015-01-01,2024-12-31,8,1.6106611568991565,0.8745,0.5889,1497.4316,0.0172,Large,-0.7908958328874165,-0.07924681904080674,-0.5929087799211371,0.6386639957127469,0.13365769191568957
JPM,2015-01-01,2024-12-31,13,1.6106611568991565,0.8745,0.5889,1497.4316,0.0172,Large,-0.5442109452529791,-0.05452928755616331,-0.3692107897917341,0.5299787729714851,0.14769147886204087
JPM,2015-01-01,2024-12-31,21,1.6106611568991565,0.8745,0.5889,1497.4316,0.0172,Large,-0.6211016560006508,-0.06223364505453838,-0.3955241069973391,0.5056607999027265,0.15734475839409975
JPM,2015-01-01,2024-12-31,34,1.6106611568991565,0.8745,0.5889,1497.4316,0.0172,Large,-0.5790227211290762,-0.05801738597396708,-0.35059325979457956,0.519383629532249,0.1654834608285418
JPM,2015-01-01,2024-12-31,55,1.6106611568991565,0.8745,0.5889,1497.4316,0.0172,Large,-0.4024913307669229,-0.04032915123390242,-0.22205414919895947,0.576807147767449,0.18161854385241724
JPM,2015-01-01,2024-12-31,89,1.6106611568991565,0.8745,0.5889,1497.4316,0.0172,Large,-0.3662994783514055,-0.0367027707930633,-0.1992909674968018,0.5113001686348025,0.18416675504198302
JPM,2015-01-01,2024-12-31,144,1.6106611568991565,0.8745,0.5889,1497.4316,0.0172,Large,-0.38414958387087594,-0.03849133007374184,-0.20579186057919044,0.5249137545464727,0.1870400994743427
GOOGL,2015-01-01,2024-12-31,1,1.978852322973158,0.7939,0.6569,1240.7072,0.0179,Large,0.0,0.0,,0.0,0.0
GOOGL,2015-01-01,2024-12-31,2,1.978852322973158,0.7939,0.6569,1240.7072,0.0179,Large,0.0,0.0,,0.0,0.0
GOOGL,2015-01-01,2024-12-31,3,1.978852322973158,0.7939,0.6569,1240.7072,0.0179,Large,0.0,0.0,,0.0,0.0
GOOGL,2015-01-01,2024-12-31,5,1.978852322973158,0.7939,0.6569,1240.7072,0.0179,Large,-0.49743528697696243,-0.04984242239292029,-0.48800685279182454,0.42098828722096293,0.10213467722385083
GOOGL,2015-01-01,2024-12-31,8,1.978852322973158,0.7939,0.6569,1240.7072,0.0179,Large,-0.6458172738996382,-0.06471012048616653,-0.47171255445298493,0.5302708098465776,0.13718125556612915
GOOGL,2015-01-01,2024-12-31,13,1.978852322973158,0.7939,0.6569,1240.7072,0.0179,Large,0.07768649783420578,0.0077840944151967625,0.05016075881756432,0.4152891111271444,0.15518294776017383
GOOGL,2015-01-01,2024-12-31,21,1.978852322973158,0.7939,0.6569,1240.7072,0.0179,Large,0.5379427656437272,0.05390122343627009,0.33067802591861156,0.3014924045660372,0.16300213262291754
GOOGL,2015-01-01,2024-12-31,34,1.978852322973158,0.7939,0.6569,1240.7072,0.0179,Large,-0.04836019580155915,-0.004845633933197975,-0.02855690220305627,0.4144610600826085,0.16968345861685855
GOOGL,2015-01-01,2024-12-31,55,1.978852322973158,0.7939,0.6569,1240.7072,0.0179,Large,0.49825559791862617,0.049924616570772885,0.2923755319015948,0.23486937894849869,0.17075511157197681
GOOGL,2015-01-01,2024-12-31,89,1.978852322973158,0.7939,0.6569,1240.7072,0.0179,Large,0.3228706627687846,0.032351255275440846,0.1850968043060948,0.18361595165305844,0.1747801935139925
GOOGL,2015-01-01,2024-12-31,144,1.978852322973158,0.7939,0.6569,1240.7072,0.0179,Large,0.19354273132048794,0.019392750812231796,0.11840492509113111,0.2577851391312831,0.16378331220011363
XOM,2015-01-01,2024-12-31,1,0.5641193019152266,0.8172,0.5614,792.3657,0.0175,Large,0.0,0.0,,0.0,0.0
XOM,2015-01-01,2024-12-31,2,0.5641193019152266,0.8172,0.5614,792.3657,0.0175,Large,0.0,0.0,,0.0,0.0
XOM,2015-01-01,2024-12-31,3,0.5641193019152266,0.8172,0.5614,792.3657,0.0175,Large,0.0,0.0,,0.0,0.0
XOM,2015-01-01,2024-12-31,5,0.5641193019152266,0.8172,0.5614,792.3657,0.0175,Large,-0.42083562328664875,-0.04216722746251908,-0.514704723159237,0.38744704904897553,0.0819250835774312
XOM,2015-01-01,2024-12-31,8,0.5641193019152266,0.8172,0.5614,792.3657,0.0175,Large,-0.9653088581596979,-0.0967227961257431,-0.7327782919954094,0.626881549993379,0.13199462536254966
XOM,2015-01-01,2024-12-31,13,0.5641193019152266,0.8172,0.5614,792.3657,0.0175,Large,-0.6788559112837342,-0.06802055254214753,-0.42110938779163154,0.5626359506779501,0.16152703908801166
XOM,2015-01-01,2024-12-31,21,0.5641193019152266,0.8172,0.5614,792.3657,0.0175,Large,-0.6803118757562119,-0.06816643844555284,-0.3884965370739662,0.6015002256098507,0.17546215201546203
XOM,2015-01-01,2024-12-31,34,0.5641193019152266,0.8172,0.5614,792.3657,0.0175,Large,-0.21476697127161604,-0.02151939433815,-0.11967654880108324,0.5417061121142166,0.1798129587937718
XOM,2015-01-01,2024-12-31,55,0.5641193019152266,0.8172,0.5614,792.3657,0.0175,Large,-0.418002047848235,-0.04188330658360049,-0.2334166507061708,0.6076156578113927,0.17943581341300271
XOM,2015-01-01,2024-12-31,89,0.5641193019152266,0.8172,0.5614,792.3657,0.0175,Large,-0.6653976061756827,-0.06667204642396503,-0.3855044588686271,0.599485535063839,0.17294753637774563
XOM,2015-01-01,2024-12-31,144,0.5641193019152266,0.8172,0.5614,792.3657,0.0175,Large,-0.48440781366600427,-0.048537085106891885,-0.2700215238038406,0.5521346212333069,0.17975265239282207
JNJ,2015-01-01,2024-12-31,1,0.5898395232259019,0.4112,0.5544,429.865,0.0114,Large,0.0,0.0,,0.0,0.0
JNJ,2015-01-01,2024-12-31,2,0.5898395232259019,0.4112,0.5544,429.865,0.0114,Large,-0.008609653336382415,-0.0008626769943412997,-0.3551047277579738,0.008572696409259173,0.002429359360513128
JNJ,2015-01-01,2024-12-31,3,0.5898395232259019,0.4112,0.5544,429.865,0.0114,Large,0.0,0.0,,0.0,0.0
JNJ,2015-01-01,2024-12-31,5,0.5898395232259019,0.4112,0.5544,429.865,0.0114,Large,-0.6503884265460477,-0.06516814452866959,-1.070465337395095,0.49296769182915035,0.06087833230289536
JNJ,2015-01-01,2024-12-31,8,0.5898395232259019,0.4112,0.5544,429.865,0.0114,Large,-0.3769054913660338,-0.03776548064582128,-0.398632432919853,0.4131658963471593,0.09473760167781987
JNJ,2015-01-01,2024-12-31,13,0.5898395232259019,0.4112,0.5544,429.865,0.0114,Large,-0.2854674070829201,-0.02860349367192679,-0.2868807314063572,0.30000477979861184,0.09970517549821382
JNJ,2015-01-01,2024-12-31,21,0.5898395232259019,0.4112,0.5544,429.865,0.0114,Large,-0.3043846709238621,-0.030498980943464517,-0.279756811716185,0.33604596975835543,0.10901961870514137
JNJ,2015-01-01,2024-12-31,34,0.5898395232259019,0.4112,0.5544,429.865,0.0114,Large,0.07040744979427885,0.007054742484357166,0.06008860262944659,0.23818436687528288,0.11740566722548428
JNJ,2015-01-01,2024-12-31,55,0.5898395232259019,0.4112,0.5544,429.865,0.0114,Large,0.03490635132173314,0.0034975747646428437,0.02857996873057294,0.1929579189961773,0.12237853713609463
JNJ,2015-01-01,2024-12-31,89,0.5898395232259019,0.4112,0.5544,429.865,0.0114,Large,0.3140590252262684,0.03146833970458037,0.2770607856657041,0.15924469499941662,0.11357919031728088
JNJ,2015-01-01,2024-12-31,144,0.5898395232259019,0.4112,0.5544,429.865,0.0114,Large,0.5613877238399956,0.05625038028138326,0.5671065480262013,0.18595872356006182,0.09918838087333175
UNH,2015-01-01,2024-12-31,1,1.7672387373326364,0.6004,0.6603,796.237,0.0165,Large,0.0,0.0,,0.0,0.0
UNH,2015-01-01,2024-12-31,2,1.7672387373326364,0.6004,0.6603,796.237,0.0165,Large,0.0,0.0,,0.0,0.0
UNH,2015-01-01,2024-12-31,3,1.7672387373326364,0.6004,0.6603,796.237,0.0165,Large,0.0,0.0,,0.0,0.0
UNH,2015-01-01,2024-12-31,5,1.7672387373326364,0.6004,0.6603,796.237,0.0165,Large,-0.6695205754074117,-0.06708516302292952,-0.6295602720044657,0.5202479972791504,0.10655876173592742
UNH,2015-01-01,2024-12-31,8,1.7672387373326364,0.6004,0.6603,796.237,0.0165,Large,-0.4613217412753912,-0.04622388819141097,-0.3855079578209895,0.47153855599911165,0.11990384959284035
UNH,2015-01-01,2024-12-31,13,1.7672387373326364,0.6004,0.6603,796.237,0.0165,Large,-0.2612170607364339,-0.02617363789486336,-0.18429144732458913,0.44133784826241196,0.14202307418403531
UNH,2015-01-01,2024-12-31,21,1.7672387373326364,0.6004,0.6603,796.237,0.0165,Large,0.1812929635681031,0.01816533869549184,0.12937103466799543,0.3205620911530641,0.14041271867469798
UNH,2015-01-01,2024-12-31,34,1.7672387373326364,0.6004,0.6603,796.237,0.0165,Large,0.6991047783584874,0.07004946486931961,0.47390513312245564,0.20211298758749896,0.14781326466708483
UNH,2015-01-01,2024-12-31,55,1.7672387373326364,0.6004,0.6603,796.237,0.0165,Large,0.6351470663766395,0.0636409784202438,0.42960803712743934,0.22737190312176525,0.14813730870999808
UNH,2015-01-01,2024-12-31,89,1.7672387373326364,0.6004,0.6603,796.237,0.0165,Large,0.8868751181250211,0.08886382893340172,0.6292508946365825,0.25374856109463884,0.14122161714958567
UNH,2015-01-01,2024-12-31,144,1.7672387373326364,0.6004,0.6603,796.237,0.0165,Large,0.5834327544918736,0.05845926605644221,0.4625580428105905,0.35130518243127273,0.12638255234139398
PG,2015-01-01,2024-12-31,1,0.8929779888304565,0.9247,0.6053,2046.5893,0.0116,Large,0.0,0.0,,0.0,0.0
PG,2015-01-01,2024-12-31,2,0.8929779888304565,0.9247,0.6053,2046.5893,0.0116,Large,0.0,0.0,,0.0,0.0
PG,2015-01-01,2024-12-31,3,0.8929779888304565,0.9247,0.6053,2046.5893,0.0116,Large,0.0,0.0,,0.0,0.0
PG,2015-01-01,2024-12-31,5,0.8929779888304565,0.9247,0.6053,2046.5893,0.0116,Large,-0.44266453884077284,-0.044354458762574454,-0.5561451556429342,0.3865796035643948,0.07975338508756455
PG,2015-01-01,2024-12-31,8,0.8929779888304565,0.9247,0.6053,2046.5893,0.0116,Large,-0.2757411653922361,-0.027628935856399004,-0.2967305289677212,0.32898082004644746,0.09311120076695757
PG,2015-01-01,2024-12-31,13,0.8929779888304565,0.9247,0.6053,2046.5893,0.0116,Large,-0.13905404013700068,-0.013933048952097087,-0.13443963838034295,0.2166598439829378,0.10363795321048931
PG,2015-01-01,2024-12-31,21,0.8929779888304565,0.9247,0.6053,2046.5893,0.0116,Large,0.25984077650453424,0.026035735856517944,0.2266907880793055,0.1702681889737181,0.11485131829622297
PG,2015-01-01,2024-12-31,34,0.8929779888304565,0.9247,0.6053,2046.5893,0.0116,Large,0.024367965988446483,0.002441641124886089,0.020626522456063303,0.31896360538103075,0.11837386210336935
PG,2015-01-01,2024-12-31,55,0.8929779888304565,0.9247,0.6053,2046.5893,0.0116,Large,-0.15702503964902445,-0.015733721666621934,-0.13183122125443578,0.2892476436252779,0.11934746198137443
PG,2015-01-01,2024-12-31,89,0.8929779888304565,0.9247,0.6053,2046.5893,0.0116,Large,0.05194419914532267,0.005204746793089985,0.04422427392523125,0.25817324620990034,0.11768981898695512
PG,2015-01-01,2024-12-31,144,0.8929779888304565,0.9247,0.6053,2046.5893,0.0116,Large,0.03322656798163304,0.0033292624776825154,0.02854523194772257,0.2973818264715512,0.11663112367696611
V,2015-01-01,2024-12-31,1,1.6280305074377412,0.7211,0.6314,1065.3732,0.0154,Large,0.0,0.0,,0.0,0.0
V,2015-01-01,2024-12-31,2,1.6280305074377412,0.7211,0.6314,1065.3732,0.0154,Large,0.0,0.0,,0.0,0.0
V,2015-01-01,2024-12-31,3,1.6280305074377412,0.7211,0.6314,1065.3732,0.0154,Large,0.0,0.0,,0.0,0.0
V,2015-01-01,2024-12-31,5,1.6280305074377412,0.7211,0.6314,1065.3732,0.0154,Large,-0.25080173845032344,-0.02513003502563877,-0.26306656135040374,0.3603012432027064,0.095527287453937
V,2015-01-01,2024-12-31,8,1.6280305074377412,0.7211,0.6314,1065.3732,0.0154,Large,0.2281134333534926,0.02285669391852093,0.193186330192657,0.2759933119572009,0.11831424043164371
V,2015-01-01,2024-12-31,13,1.6280305074377412,0.7211,0.6314,1065.3732,0.0154,Large,0.6195116315999337,0.062074326506235906,0.4764985892503342,0.24991130528246064,0.1302717949362583
V,2015-01-01,2024-12-31,21,1.6280305074377412,0.7211,0.6314,1065.3732,0.0154,Large,0.6256177307017413,0.0626861503526198,0.46285203900993305,0.19391729739996566,0.13543453429892857
V,2015-01-01,2024-12-31,34,1.6280305074377412,0.7211,0.6314,1065.3732,0.0154,Large,0.5087501945616082,0.050976162635994145,0.36031936522994573,0.1626682457030022,0.14147494571506747
V,2015-01-01,2024-12-31,55,1.6280305074377412,0.7211,0.6314,1065.3732,0.0154,Large,0.40568763167311284,0.04064941677201767,0.2728153366724454,0.22800432344794985,0.14899974930963367
V,2015-01-01,2024-12-31,89,1.6280305074377412,0.7211,0.6314,1065.3732,0.0154,Large,0.7328470692087063,0.07343040216325805,0.5150898133737724,0.2618742322166474,0.14255844370576526
V,2015-01-01,2024-12-31,144,1.6280305074377412,0.7211,0.6314,1065.3732,0.0154,Large,0.43844101048660067,0.043931266259492396,0.3246419680494469,0.30844799671943,0.13532220286688607
MA,2015-01-01,2024-12-31,1,1.8733696021759225,0.7414,0.636,1239.0188,0.0168,Large,0.0,0.0,,0.0,0.0
MA,2015-01-01,2024-12-31,2,1.8733696021759225,0.7414,0.636,1239.0188,0.0168,Large,0.0,0.0,,0.0,0.0
MA,2015-01-01,2024-12-31,3,1.8733696021759225,0.7414,0.636,1239.0188,0.0168,Large,0.0,0.0,,0.0,0.0
MA,2015-01-01,2024-12-31,5,1.8733696021759225,0.7414,0.636,1239.0188,0.0168,Large,-0.2636021743518808,-0.026412623434065197,-0.279597710493221,0.3318721629562854,0.0944665225887305
MA,2015-01-01,2024-12-31,8,1.8733696021759225,0.7414,0.636,1239.0188,0.0168,Large,0.1283369338280295,0.012859207683762797,0.10162531147455117,0.3254247987378013,0.12653548114322855
MA,2015-01-01,2024-12-31,13,1.8733696021759225,0.7414,0.636,1239.0188,0.0168,Large,0.24929696286434433,0.024979258306884602,0.1773475178909956,0.32181339771797324,0.14084921291223138
MA,2015-01-01,2024-12-31,21,1.8733696021759225,0.7414,0.636,1239.0188,0.0168,Large,0.26997999355342,0.0270516733103228,0.17857174798431985,0.24792232989954333,0.15148909956740847
MA,2015-01-01,2024-12-31,34,1.8733696021759225,0.7414,0.636,1239.0188,0.0168,Large,0.233453716157547,0.023391783885368528,0.14692397107402128,0.3104257232951808,0.15921012557973668
MA,2015-01-01,2024-12-31,55,1.8733696021759225,0.7414,0.636,1239.0188,0.0168,Large,0.16893027269701721,0.01692661181695759,0.10177873202031641,0.42094025786868183,0.16630794549080066
MA,2015-01-01,2024-12-31,89,1.8733696021759225,0.7414,0.636,1239.0188,0.0168,Large,0.5790045735601308,0.058015567609205954,0.36082100917326154,0.3570239376693326,0.16078766516987272
MA,2015-01-01,2024-12-31,144,1.8733696021759225,0.7414,0.636,1239.0188,0.0168,Large,0.22422196100015857,0.02246677303063219,0.14862270971716365,0.43304143706844755,0.1511664877688448
HD,2015-01-01,2024-12-31,1,1.5572592047971996,0.6579,0.618,864.8321,0.0155,Large,0.0,0.0,,0.0,0.0
HD,2015-01-01,2024-12-31,2,1.5572592047971996,0.6579,0.618,864.8321,0.0155,Large,0.0,0.0,,0.0,0.0
HD,2015-01-01,2024-12-31,3,1.5572592047971996,0.6579,0.618,864.8321,0.0155,Large,0.0,0.0,,0.0,0.0
HD,2015-01-01,2024-12-31,5,1.5572592047971996,0.6579,0.618,864.8321,0.0155,Large,-0.40520756742745745,-0.040601314907244244,-0.4731398588174927,0.4164852270435777,0.08581250163264231
HD,2015-01-01,2024-12-31,8,1.5572592047971996,0.6579,0.618,864.8321,0.0155,Large,-0.7269347755429234,-0.07283799739038438,-0.6712365442159464,0.5531631715276255,0.10851315831658795
HD,2015-01-01,2024-12-31,13,1.5572592047971996,0.6579,0.618,864.8321,0.0155,Large,-0.6300082046767276,-0.06312607060776754,-0.5269165786900815,0.5519696468790283,0.11980277934070592
HD,2015-01-01,2024-12-31,21,1.5572592047971996,0.6579,0.618,864.8321,0.0155,Large,-0.644826033593662,-0.06461079938990172,-0.4333940227229456,0.5318312891932288,0.1490809655933009
HD,2015-01-01,2024-12-31,34,1.5572592047971996,0.6579,0.618,864.8321,0.0155,Large,-0.7054679023691386,-0.0706870423049793,-0.4602821915161169,0.5287998511928648,0.1535732722401105
HD,2015-01-01,2024-12-31,55,1.5572592047971996,0.6579,0.618,864.8321,0.0155,Large,-0.6087836163870248,-0.06099939217873967,-0.39049954795143643,0.48338985859320827,0.1562086115047839
HD,2015-01-01,2024-12-31,89,1.5572592047971996,0.6579,0.618,864.8321,0.0155,Large,-0.10294136125272191,-0.01031460160464649,-0.06854296432925311,0.4019508609766116,0.15048373973292506
HD,2015-01-01,2024-12-31,144,1.5572592047971996,0.6579,0.618,864.8321,0.0155,Large,-0.0344674533878255,-0.003453597715201601,-0.023010408098367758,0.34058889778535173,0.15008850344755867
COST,2015-01-01,2024-12-31,1,2.0821778899507333,0.977,0.6594,-6643.2837,0.0136,Large,0.0,0.0,,0.0,0.0
COST,2015-01-01,2024-12-31,2,2.0821778899507333,0.977,0.6594,-6643.2837,0.0136,Large,0.0,0.0,,0.0,0.0
COST,2015-01-01,2024-12-31,3,2.0821778899507333,0.977,0.6594,-6643.2837,0.0136,Large,0.0,0.0,,0.0,0.0
COST,2015-01-01,2024-12-31,5,2.0821778899507333,0.977,0.6594,-6643.2837,0.0136,Large,-0.7321072462313754,-0.0733562727834221,-0.9031173492248309,0.5191054416089627,0.08122562682068471
COST,2015-01-01,2024-12-31,8,2.0821778899507333,0.977,0.6594,-6643.2837,0.0136,Large,-0.971445681619305,-0.09733769851612917,-0.8413440934504149,0.6239135470396642,0.11569309070316285
COST,2015-01-01,2024-12-31,13,2.0821778899507333,0.977,0.6594,-6643.2837,0.0136,Large,-0.6292142966494445,-0.06304652197044136,-0.5137350653289152,0.504430527046474,0.12272185845456408
COST,2015-01-01,2024-12-31,21,2.0821778899507333,0.977,0.6594,-6643.2837,0.0136,Large,-0.8316650312568256,-0.08333184408617099,-0.6668422347984384,0.592344910625147,0.12496485635970418
COST,2015-01-01,2024-12-31,34,2.0821778899507333,0.977,0.6594,-6643.2837,0.0136,Large,-0.667658701976273,-0.06689860552605201,-0.5012504775356212,0.5201147210012432,0.1334634250224687
COST,2015-01-01,2024-12-31,55,2.0821778899507333,0.977,0.6594,-6643.2837,0.0136,Large,-0.5746183051592035,-0.057576068747562346,-0.429736839336976,0.5109007568475666,0.1339798301592998
COST,2015-01-01,2024-12-31,89,2.0821778899507333,0.977,0.6594,-6643.2837,0.0136,Large,-0.2653479204957967,-0.026587545115284602,-0.21420865979322276,0.339226385683574,0.12411984249819666
COST,2015-01-01,2024-12-31,144,2.0821778899507333,0.977,0.6594,-6643.2837,0.0136,Large,-0.14966235588736776,-0.014995989536229295,-0.12547594011485483,0.3177310748407757,0.1195128685427873
AVGO,2015-01-01,2024-12-31,1,3.428138590027774,0.9912,0.6985,-2734.1255,0.0235,Large,0.0,0.0,,0.0,0.0
AVGO,2015-01-01,2024-12-31,2,3.428138590027774,0.9912,0.6985,-2734.1255,0.0235,Large,0.0,0.0,,0.0,0.0
AVGO,2015-01-01,2024-12-31,3,3.428138590027774,0.9912,0.6985,-2734.1255,0.0235,Large,0.0,0.0,,0.0,0.0
AVGO,2015-01-01,2024-12-31,5,3.428138590027774,0.9912,0.6985,-2734.1255,0.0235,Large,-0.1563771148462174,-0.015668800374253198,-0.11655839569248097,0.4384201678976999,0.13442875805868673
AVGO,2015-01-01,2024-12-31,8,3.428138590027774,0.9912,0.6985,-2734.1255,0.0235,Large,-0.1427597914983571,-0.014304360818125642,-0.08766175041801481,0.32312918411296465,0.16317676466549363
AVGO,2015-01-01,2024-12-31,13,3.428138590027774,0.9912,0.6985,-2734.1255,0.0235,Large,0.16353698425544172,0.01638621074845778,0.08457604207043225,0.3710080839240849,0.19374530123804876
AVGO,2015-01-01,2024-12-31,21,3.428138590027774,0.9912,0.6985,-2734.1255,0.0235,Large,-0.21646025265574886,-0.02168905911302136,-0.09432220512044971,0.4778520897603823,0.22994648063331824
AVGO,2015-01-01,2024-12-31,34,3.428138590027774,0.9912,0.6985,-2734.1255,0.0235,Large,-0.14883799261434827,-0.014913389319608655,-0.0648912035905792,0.44193426871076413,0.22982143178761683
AVGO,2015-01-01,2024-12-31,55,3.428138590027774,0.9912,0.6985,-2734.1255,0.0235,Large,-0.07496365798337423,-0.00751126911006374,-0.03405496489827654,0.50080709330312,0.22056311414503538
AVGO,2015-01-01,2024-12-31,89,3.428138590027774,0.9912,0.6985,-2734.1255,0.0235,Large,-0.4545446688008311,-0.04554483361344312,-0.20554957522312697,0.6398556998904854,0.2215759072428321
AVGO,2015-01-01,2024-12-31,144,3.428138590027774,0.9912,0.6985,-2734.1255,0.0235,Large,-0.0962062309352344,-0.009639749580786906,-0.04417670131967801,0.5068511032360795,0.21820890407887897
LLY,2015-01-01,2024-12-31,1,2.590553609389821,0.9901,0.6526,-3124.6811,0.0174,Large,0.0,0.0,,0.0,0.0
LLY,2015-01-01,2024-12-31,2,2.590553609389821,0.9901,0.6526,-3124.6811,0.0174,Large,0.0,0.0,,0.0,0.0
LLY,2015-01-01,2024-12-31,3,2.590553609389821,0.9901,0.6526,-3124.6811,0.0174,Large,0.0,0.0,,0.0,0.0
LLY,2015-01-01,2024-12-31,5,2.590553609389821,0.9901,0.6526,-3124.6811,0.0174,Large,-0.8859299487693422,-0.0887691240914013,-0.9246297645223343,0.6043604632458126,0.09600504709824004
LLY,2015-01-01,2024-12-31,8,2.590553609389821,0.9901,0.6526,-3124.6811,0.0174,Large,-0.6315752028038687,-0.06328308195092443,-0.45867945080392164,0.571182752336273,0.13796799015087546
LLY,2015-01-01,2024-12-31,13,2.590553609389821,0.9901,0.6526,-3124.6811,0.0174,Large,-0.5879386796549015,-0.058910754382916576,-0.41615018113112995,0.5076423424151605,0.14156128497359383
LLY,2015-01-01,2024-12-31,21,2.590553609389821,0.9901,0.6526,-3124.6811,0.0174,Large,-0.5724404087227173,-0.057357846122514815,-0.3931594044756421,0.582277851267756,0.1458895437055948
LLY,2015-01-01,2024-12-31,34,2.590553609389821,0.9901,0.6526,-3124.6811,0.0174,Large,-0.1489810871787287,-0.014927727224270233,-0.09155781579908924,0.47835652563633513,0.1630415393157372
LLY,2015-01-01,2024-12-31,55,2.590553609389821,0.9901,0.6526,-3124.6811,0.0174,Large,-0.226078881708196,-0.022652834270562784,-0.14335499487964343,0.5065345937119548,0.15801914882408824
LLY,2015-01-01,2024-12-31,89,2.590553609389821,0.9901,0.6526,-3124.6811,0.0174,Large,-0.837716943328761,-0.08393823845679832,-0.5770242399305584,0.6450451768473265,0.14546743905749923
LLY,2015-01-01,2024-12-31,144,2.590553609389821,0.9901,0.6526,-3124.6811,0.0174,Large,-0.2947017646764505,-0.02952876528766025,-0.20733429066721512,0.49858497944317315,0.14242103991884206
BAC,2015-01-01,2024-12-31,1,1.1037469017583221,0.5351,0.5998,573.5688,0.0196,Large,0.0,0.0,,0.0,0.0
BAC,2015-01-01,2024-12-31,2,1.1037469017583221,0.5351,0.5998,573.5688,0.0196,Large,0.0,0.0,,0.0,0.0
BAC,2015-01-01,2024-12-31,3,1.1037469017583221,0.5351,0.5998,573.5688,0.0196,Large,0.0,0.0,,0.0,0.0
BAC,2015-01-01,2024-12-31,5,1.1037469017583221,0.5351,0.5998,573.5688,0.0196,Large,-0.7240885361224394,-0.07255280759556848,-0.5881581782838847,0.5743346120354712,0.12335594449653238
BAC,2015-01-01,2024-12-31,8,1.1037469017583221,0.5351,0.5998,573.5688,0.0196,Large,-1.3239605030678274,-0.13265926313045429,-0.7694073100531321,0.7463855002892134,0.1724174717306668
BAC,2015-01-01,2024-12-31,13,1.1037469017583221,0.5351,0.5998,573.5688,0.0196,Large,-1.557396343809859,-0.15604925592051072,-0.8471662515695295,0.7962221072116433,0.18420145471021904
BAC,2015-01-01,2024-12-31,21,1.1037469017583221,0.5351,0.5998,573.5688,0.0196,Large,-1.17307148115559,-0.11754036312175296,-0.6310620469109725,0.7068158685947652,0.1862580132922097
BAC,2015-01-01,2024-12-31,34,1.1037469017583221,0.5351,0.5998,573.5688,0.0196,Large,-1.203147317980728,-0.12055392609588209,-0.6066873537326904,0.7252844619829412,0.19870848692356088
BAC,2015-01-01,2024-12-31,55,1.1037469017583221,0.5351,0.5998,573.5688,0.0196,Large,-0.8092627068551774,-0.08108715790358041,-0.3969303604751534,0.7009211090856802,0.20428560265965398
BAC,2015-01-01,2024-12-31,89,1.1037469017583221,0.5351,0.5998,573.5688,0.0196,Large,-0.6499458482089147,-0.06512379870721531,-0.32258824497376476,0.5844204218494302,0.20187901984001821
BAC,2015-01-01,2024-12-31,144,1.1037469017583221,0.5351,0.5998,573.5688,0.0196,Large,-0.6784896452511731,-0.06798385312258275,-0.3302425959679389,0.627323144925362,0.2058603401033792
MRK,2015-01-01,2024-12-31,1,0.892200163228748,0.8188,0.5691,866.6055,0.0136,Large,0.0,0.0,,0.0,0.0
MRK,2015-01-01,2024-12-31,2,0.892200163228748,0.8188,0.5691,866.6055,0.0136,Large,0.0,0.0,,0.0,0.0
MRK,2015-01-01,2024-12-31,3,0.892200163228748,0.8188,0.5691,866.6055,0.0136,Large,0.0,0.0,,0.0,0.0
MRK,2015-01-01,2024-12-31,5,0.892200163228748,0.8188,0.5691,866.6055,0.0136,Large,-0.2280100933842211,-0.022846339376868276,-0.252435270775296,0.38457569575011896,0.09050375292922055
MRK,2015-01-01,2024-12-31,8,0.892200163228748,0.8188,0.5691,866.6055,0.0136,Large,-0.39847617025734594,-0.03992683694029868,-0.3539421189275522,0.4839333220024554,0.11280611943353155
MRK,2015-01-01,2024-12-31,13,0.892200163228748,0.8188,0.5691,866.6055,0.0136,Large,0.08123757838813897,0.008139908450819492,0.06628849629910034,0.35669799137121616,0.1227951892903319
MRK,2015-01-01,2024-12-31,21,0.892200163228748,0.8188,0.5691,866.6055,0.0136,Large,0.1489934043361268,0.014928961388749086,0.11984429648118283,0.27109366924748746,0.12456964433925426
MRK,2015-01-01,2024-12-31,34,0.892200163228748,0.8188,0.5691,866.6055,0.0136,Large,-0.05239230804268935,-0.005249646770082592,-0.04123842235054464,0.27535310980543715,0.1272998934211958
MRK,2015-01-01,2024-12-31,55,0.892200163228748,0.8188,0.5691,866.6055,0.0136,Large,0.061968067961453155,0.006209126491565088,0.04876786782944786,0.20821187225322757,0.12732003197842875
MRK,2015-01-01,2024-12-31,89,0.892200163228748,0.8188,0.5691,866.6055,0.0136,Large,-0.05235158775077875,-0.005245566645406062,-0.042466320779036754,0.27647815192965,0.12352298360623473
MRK,2015-01-01,2024-12-31,144,0.892200163228748,0.8188,0.5691,866.6055,0.0136,Large,0.08768477286366672,0.008785909646776944,0.06817174439240868,0.2612535560640046,0.12887904989204452
ADBE,2015-01-01,2024-12-31,1,1.8164932176690882,0.3611,0.6649,652.3163,0.021,Large,0.0,0.0,,0.0,0.0
ADBE,2015-01-01,2024-12-31,2,1.8164932176690882,0.3611,0.6649,652.3163,0.021,Large,0.0,0.0,,0.0,0.0
ADBE,2015-01-01,2024-12-31,3,1.8164932176690882,0.3611,0.6649,652.3163,0.021,Large,0.0,0.0,,0.0,0.0
ADBE,2015-01-01,2024-12-31,5,1.8164932176690882,0.3611,0.6649,652.3163,0.021,Large,-0.3995328664200538,-0.04003271663532945,-0.35191620797296624,0.421819209391022,0.11375638782287832
ADBE,2015-01-01,2024-12-31,8,1.8164932176690882,0.3611,0.6649,652.3163,0.021,Large,-0.312334333842763,-0.03129552768523908,-0.20404702370499475,0.5031061440767167,0.15337409542657796
ADBE,2015-01-01,2024-12-31,13,1.8164932176690882,0.3611,0.6649,652.3163,0.021,Large,0.22337367026698063,0.022381775311045377,0.126974446553189,0.4438033952372189,0.17626991822854493
ADBE,2015-01-01,2024-12-31,21,1.8164932176690882,0.3611,0.6649,652.3163,0.021,Large,0.27542616881297444,0.027597373574898432,0.14904066234085123,0.5202385138288812,0.1851667400120923
ADBE,2015-01-01,2024-12-31,34,1.8164932176690882,0.3611,0.6649,652.3163,0.021,Large,0.880182300188189,0.08819321655961178,0.4702417372250212,0.34879030843247605,0.18754867885623122
ADBE,2015-01-01,2024-12-31,55,1.8164932176690882,0.3611,0.6649,652.3163,0.021,Large,0.9592494212493968,0.09611564777528749,0.5043749760030596,0.31157957999343777,0.1905638708267407
ADBE,2015-01-01,2024-12-31,89,1.8164932176690882,0.3611,0.6649,652.3163,0.021,Large,0.19306856799991812,0.01934524021311307,0.10803631198546645,0.40580676089670853,0.1790623898353313
ADBE,2015-01-01,2024-12-31,144,1.8164932176690882,0.3611,0.6649,652.3163,0.021,Large,0.03333757719367891,0.003340385468312957,0.01940385096845912,0.43397908879722735,0.17215064544366682
TFX,2015-01-01,2024-12-31,1,0.4931503552143981,0.2189,0.5894,320.2609,0.0183,Mid,0.0,0.0,,0.0,0.0
TFX,2015-01-01,2024-12-31,2,0.4931503552143981,0.2189,0.5894,320.2609,0.0183,Mid,0.0,0.0,,0.0,0.0
TFX,2015-01-01,2024-12-31,3,0.4931503552143981,0.2189,0.5894,320.2609,0.0183,Mid,0.0,0.0,,0.0,0.0
TFX,2015-01-01,2024-12-31,5,0.4931503552143981,0.2189,0.5894,320.2609,0.0183,Mid,-0.30055025092463244,-0.030114776633402538,-0.25901513253356884,0.3905977481249677,0.1162664757801346
TFX,2015-01-01,2024-12-31,8,0.4931503552143981,0.2189,0.5894,320.2609,0.0183,Mid,-1.0533558369665654,-0.10554499837597396,-0.8189398173736454,0.6769117250303737,0.12888004238755743
TFX,2015-01-01,2024-12-31,13,0.4931503552143981,0.2189,0.5894,320.2609,0.0183,Mid,-0.3936104024436611,-0.03943929280946425,-0.2553265490964287,0.5082364683866306,0.15446608646470714
TFX,2015-01-01,2024-12-31,21,0.4931503552143981,0.2189,0.5894,320.2609,0.0183,Mid,-0.4145524946311172,-0.041537665466020494,-0.2522088293885629,0.4843600011075262,0.1646955246044377
TFX,2015-01-01,2024-12-31,34,0.4931503552143981,0.2189,0.5894,320.2609,0.0183,Mid,-0.29684265270188925,-0.029743279714066043,-0.177462732755457,0.4363043172099603,0.16760296233605382
TFX,2015-01-01,2024-12-31,55,0.4931503552143981,0.2189,0.5894,320.2609,0.0183,Mid,-0.4999929439811732,-0.05009869657385911,-0.2892664996823708,0.5063954613540738,0.17319218308677295
TFX,2015-01-01,2024-12-31,89,0.4931503552143981,0.2189,0.5894,320.2609,0.0183,Mid,0.10077222104124739,0.010097256342900335,0.05971274988750003,0.3712624265455239,0.16909715867923955
TFX,2015-01-01,2024-12-31,144,0.4931503552143981,0.2189,0.5894,320.2609,0.0183,Mid,-0.0879265786852289,-0.008810138301661108,-0.053757552137460224,0.40719174749251774,0.16388652294161812
HES,2015-01-01,2024-12-31,1,0.7318310798190761,0.6906,0.5032,505.5741,0.0279,Mid,0.0,0.0,,0.0,0.0
HES,2015-01-01,2024-12-31,2,0.7318310798190761,0.6906,0.5032,505.5741,0.0279,Mid,0.0,0.0,,0.0,0.0
HES,2015-01-01,2024-12-31,3,0.7318310798190761,0.6906,0.5032,505.5741,0.0279,Mid,0.0,0.0,,0.0,0.0
HES,2015-01-01,2024-12-31,5,0.7318310798190761,0.6906,0.5032,505.5741,0.0279,Mid,-1.7312127037527159,-0.17346544785116677,-0.8049512503499265,0.822930453190373,0.21549807864235043
HES,2015-01-01,2024-12-31,8,0.7318310798190761,0.6906,0.5032,505.5741,0.0279,Mid,-1.5983692439721902,-0.16015469164254154,-0.6673843306908294,0.8056101420457349,0.23997370671972573
HES,2015-01-01,2024-12-31,13,0.7318310798190761,0.6906,0.5032,505.5741,0.0279,Mid,-1.2981867588927545,-0.1300767647081408,-0.520793937606663,0.7538298564225158,0.2497662805099377
HES,2015-01-01,2024-12-31,21,0.7318310798190761,0.6906,0.5032,505.5741,0.0279,Mid,-1.6453770698463865,-0.16486481972218267,-0.6230869729066706,0.8118292127632866,0.2645935910890518
HES,2015-01-01,2024-12-31,34,0.7318310798190761,0.6906,0.5032,505.5741,0.0279,Mid,-0.6205615673788903,-0.06217952881887888,-0.22555880295267317,0.7177224656629879,0.2756688189727865
HES,2015-01-01,2024-12-31,55,0.7318310798190761,0.6906,0.5032,505.5741,0.0279,Mid,-0.4804742841937274,-0.04814295014585261,-0.17610975146265564,0.5891838546375531,0.27336901986407836
HES,2015-01-01,2024-12-31,89,0.7318310798190761,0.6906,0.5032,505.5741,0.0279,Mid,0.27436153024132337,0.027490698059965603,0.09745831488085101,0.5497158450445658,0.2820764764255849
HES,2015-01-01,2024-12-31,144,0.7318310798190761,0.6906,0.5032,505.5741,0.0279,Mid,0.6284711029515124,0.06297205484842193,0.22322259659927515,0.49511672885364133,0.2821043021978108
WU,2015-01-01,2024-12-31,1,-0.05119657283507517,0.1962,0.4867,147.9385,0.0167,Mid,0.0,0.0,,0.0,0.0
WU,2015-01-01,2024-12-31,2,-0.05119657283507517,0.1962,0.4867,147.9385,0.0167,Mid,0.0,0.0,,0.0,0.0
WU,2015-01-01,2024-12-31,3,-0.05119657283507517,0.1962,0.4867,147.9385,0.0167,Mid,0.0,0.0,,0.0,0.0
WU,2015-01-01,2024-12-31,5,-0.05119657283507517,0.1962,0.4867,147.9385,0.0167,Mid,0.03208185174262431,0.0032145632760005277,0.031413342877919685,0.31759771312186125,0.10233114280429007
WU,2015-01-01,2024-12-31,8,-0.05119657283507517,0.1962,0.4867,147.9385,0.0167,Mid,-0.06380049245639365,-0.006392733240163499,-0.048689613757331114,0.22066855092534832,0.13129562440205136
WU,2015-01-01,2024-12-31,13,-0.05119657283507517,0.1962,0.4867,147.9385,0.0167,Mid,0.16585002501518603,0.016617974673489813,0.11453005305878537,0.2780577728710686,0.1450970660509537
WU,2015-01-01,2024-12-31,21,-0.05119657283507517,0.1962,0.4867,147.9385,0.0167,Mid,0.16444468293039297,0.016477161072945935,0.10784830372192948,0.2925494480996703,0.15278090154695245
WU,2015-01-01,2024-12-31,34,-0.05119657283507517,0.1962,0.4867,147.9385,0.0167,Mid,0.5111745849289888,0.05121908365888874,0.3139934523938078,0.2705895272044855,0.16312150227467234
WU,2015-01-01,2024-12-31,55,-0.05119657283507517,0.1962,0.4867,147.9385,0.0167,Mid,0.1701102208958194,0.01704484121898469,0.10427583950811431,0.2756844679499437,0.16345916081220646
WU,2015-01-01,2024-12-31,89,-0.05119657283507517,0.1962,0.4867,147.9385,0.0167,Mid,0.15795913524371863,0.015827316930980953,0.09938628491078422,0.3997046586200974,0.15925051374229968
WU,2015-01-01,2024-12-31,144,-0.05119657283507517,0.1962,0.4867,147.9385,0.0167,Mid,0.16206564279688984,0.016238784089390158,0.10732244759800652,0.32619961105210726,0.15130836514477505
CHDN,2015-01-01,2024-12-31,1,2.200564993351703,0.5279,0.6598,691.9384,0.0229,Mid,0.0,0.0,,0.0,0.0
CHDN,2015-01-01,2024-12-31,2,2.200564993351703,0.5279,0.6598,691.9384,0.0229,Mid,0.0,0.0,,0.0,0.0
CHDN,2015-01-01,2024-12-31,3,2.200564993351703,0.5279,0.6598,691.9384,0.0229,Mid,0.0,0.0,,0.0,0.0
CHDN,2015-01-01,2024-12-31,5,2.200564993351703,0.5279,0.6598,691.9384,0.0229,Mid,-0.8447538349369845,-0.08464332660203583,-0.6587258360985118,0.5785114861172294,0.12849553177291426
CHDN,2015-01-01,2024-12-31,8,2.200564993351703,0.5279,0.6598,691.9384,0.0229,Mid,-0.76140180454943,-0.07629155258308404,-0.401909446166425,0.6625833602024693,0.1898227406964025
CHDN,2015-01-01,2024-12-31,13,2.200564993351703,0.5279,0.6598,691.9384,0.0229,Mid,-1.1023288235662942,-0.11045203321618535,-0.5390045076259818,0.7129430451205381,0.2049185705378713
CHDN,2015-01-01,2024-12-31,21,2.200564993351703,0.5279,0.6598,691.9384,0.0229,Mid,-1.2453033164912215,-0.12477790686114824,-0.5503278344648356,0.8271154028478163,0.2267337740285081
CHDN,2015-01-01,2024-12-31,34,2.200564993351703,0.5279,0.6598,691.9384,0.0229,Mid,-0.2532600115354209,-0.025376351056431837,-0.10859592465564827,0.6885384446480316,0.2336768266111169
CHDN,2015-01-01,2024-12-31,55,2.200564993351703,0.5279,0.6598,691.9384,0.0229,Mid,-0.35756748227186363,-0.0358278352017931,-0.15466779479714657,0.6274786204862691,0.2316437966208986
CHDN,2015-01-01,2024-12-31,89,2.200564993351703,0.5279,0.6598,691.9384,0.0229,Mid,0.24260965114518662,0.024309197649537588,0.11060838836536549,0.5713663440570533,0.21977716164924668
CHDN,2015-01-01,2024-12-31,144,2.200564993351703,0.5279,0.6598,691.9384,0.0229,Mid,0.48614900321395027,0.048711550222630406,0.20857862414361167,0.5815345150286284,0.23354047147751472
CROX,2015-01-01,2024-12-31,1,2.1617554719818894,0.8432,0.6904,1455.5706,0.0346,Mid,0.0,0.0,,0.0,0.0
CROX,2015-01-01,2024-12-31,2,2.1617554719818894,0.8432,0.6904,1455.5706,0.0346,Mid,0.0,0.0,,0.0,0.0
CROX,2015-01-01,2024-12-31,3,2.1617554719818894,0.8432,0.6904,1455.5706,0.0346,Mid,0.0,0.0,,0.0,0.0
CROX,2015-01-01,2024-12-31,5,2.1617554719818894,0.8432,0.6904,1455.5706,0.0346,Mid,-0.10013531032214229,-0.01003343864858046,-0.04535482852238182,0.4411340073430655,0.22122095872612843
CROX,2015-01-01,2024-12-31,8,2.1617554719818894,0.8432,0.6904,1455.5706,0.0346,Mid,0.5454241375867499,0.054650847980859237,0.1794913941324066,0.4811038838546208,0.3044761463078535
CROX,2015-01-01,2024-12-31,13,2.1617554719818894,0.8432,0.6904,1455.5706,0.0346,Mid,0.2200983488077357,0.022053592007773123,0.07200765109369858,0.5871973822249832,0.3062673434393285
CROX,2015-01-01,2024-12-31,21,2.1617554719818894,0.8432,0.6904,1455.5706,0.0346,Mid,-0.7058652633518309,-0.07072685740145582,-0.21514325714694546,0.8357027033822909,0.328743081885892
CROX,2015-01-01,2024-12-31,34,2.1617554719818894,0.8432,0.6904,1455.5706,0.0346,Mid,-0.3213462016989813,-0.03219850609468918,-0.09586917689488784,0.8450544418526467,0.33585879359319026
CROX,2015-01-01,2024-12-31,55,2.1617554719818894,0.8432,0.6904,1455.5706,0.0346,Mid,-0.6808634584495017,-0.06822170637346896,-0.20070601156773019,0.7955736539307192,0.33990863472690197
CROX,2015-01-01,2024-12-31,89,2.1617554719818894,0.8432,0.6904,1455.5706,0.0346,Mid,-0.10016974110730215,-0.01003688857218296,-0.02888056243583812,0.8159444530305181,0.3475309248038779
CROX,2015-01-01,2024-12-31,144,2.1617554719818894,0.8432,0.6904,1455.5706,0.0346,Mid,-0.36056530526464603,-0.036128213489737895,-0.10198482160242191,0.8070147418548318,0.3542508867699969
FICO,2015-01-01,2024-12-31,1,3.328454053932427,0.9772,0.6721,-12150.9755,0.0217,Mid,0.0,0.0,,0.0,0.0
FICO,2015-01-01,2024-12-31,2,3.328454053932427,0.9772,0.6721,-12150.9755,0.0217,Mid,0.0,0.0,,0.0,0.0
FICO,2015-01-01,2024-12-31,3,3.328454053932427,0.9772,0.6721,-12150.9755,0.0217,Mid,0.0,0.0,,0.0,0.0
FICO,2015-01-01,2024-12-31,5,3.328454053932427,0.9772,0.6721,-12150.9755,0.0217,Mid,-0.6170043132211077,-0.06182309619551457,-0.49914956962120666,0.5498742643737012,0.12385685565637315
FICO,2015-01-01,2024-12-31,8,3.328454053932427,0.9772,0.6721,-12150.9755,0.0217,Mid,-0.19418840777323826,-0.019457446822606778,-0.12211423997673536,0.4504227259589104,0.1593380659480313
FICO,2015-01-01,2024-12-31,13,3.328454053932427,0.9772,0.6721,-12150.9755,0.0217,Mid,-0.22374842243489376,-0.022419325031249795,-0.12381897655367714,0.423976415288157,0.18106533954050835
FICO,2015-01-01,2024-12-31,21,3.328454053932427,0.9772,0.6721,-12150.9755,0.0217,Mid,-0.6515115903415727,-0.0652806842012232,-0.32487184068544056,0.5076343848635945,0.2009428827795256
FICO,2015-01-01,2024-12-31,34,3.328454053932427,0.9772,0.6721,-12150.9755,0.0217,Mid,-0.4980612648647421,-0.049905144630582515,-0.23191668005764324,0.6014929324571042,0.21518566330881642
FICO,2015-01-01,2024-12-31,55,3.328454053932427,0.9772,0.6721,-12150.9755,0.0217,Mid,-0.2618063397122765,-0.02623268294532552,-0.11944929014209324,0.5352257120820083,0.21961355244656472
FICO,2015-01-01,2024-12-31,89,3.328454053932427,0.9772,0.6721,-12150.9755,0.0217,Mid,0.03314222506495024,0.0033208114180387515,0.01543868621434902,0.4348901836221897,0.2150967622460209
FICO,2015-01-01,2024-12-31,144,3.328454053932427,0.9772,0.6721,-12150.9755,0.0217,Mid,-0.0031936162152825798,-0.00031999653528875155,-0.0016273247571265469,0.5368468254093673,0.19663962825329734
ROK,2015-01-01,2024-12-31,1,1.1437487208770676,0.5223,0.5927,504.1325,0.0191,Mid,0.0,0.0,,0.0,0.0
ROK,2015-01-01,2024-12-31,2,1.1437487208770676,0.5223,0.5927,504.1325,0.0191,Mid,0.0,0.0,,0.0,0.0
ROK,2015-01-01,2024-12-31,3,1.1437487208770676,0.5223,0.5927,504.1325,0.0191,Mid,0.0,0.0,,0.0,0.0
ROK,2015-01-01,2024-12-31,5,1.1437487208770676,0.5223,0.5927,504.1325,0.0191,Mid,-0.4052428614057473,-0.04060485132176871,-0.37297191476503433,0.4039989868602356,0.10886838851485385
ROK,2015-01-01,2024-12-31,8,1.1437487208770676,0.5223,0.5927,504.1325,0.0191,Mid,-0.5163061516846528,-0.051733260526653085,-0.3534316320443111,0.6062827373430809,0.14637416641917067
ROK,2015-01-01,2024-12-31,13,1.1437487208770676,0.5223,0.5927,504.1325,0.0191,Mid,-0.025870602104617745,-0.0025922034713175635,-0.015543369273434996,0.39418547109970636,0.16677230179095534
ROK,2015-01-01,2024-12-31,21,1.1437487208770676,0.5223,0.5927,504.1325,0.0191,Mid,-0.3296641443833377,-0.03303195402966247,-0.18156120649606539,0.45961459632341106,0.18193288460207663
ROK,2015-01-01,2024-12-31,34,1.1437487208770676,0.5223,0.5927,504.1325,0.0191,Mid,0.06749294138571282,0.0067627122183696355,0.03506284506043511,0.401272198344789,0.19287402966625417
ROK,2015-01-01,2024-12-31,55,1.1437487208770676,0.5223,0.5927,504.1325,0.0191,Mid,-0.1792364414536054,-0.017959277632727064,-0.09345102810610584,0.44798737572779945,0.19217849173725307
ROK,2015-01-01,2024-12-31,89,1.1437487208770676,0.5223,0.5927,504.1325,0.0191,Mid,0.0773008887223956,0.00774545684216449,0.042157965779222886,0.47832575120203713,0.18372463421804278
ROK,2015-01-01,2024-12-31,144,1.1437487208770676,0.5223,0.5927,504.1325,0.0191,Mid,0.7929967057864107,0.07945732399927455,0.4736088665883876,0.3147827832030733,0.16776992494173623
LII,2015-01-01,2024-12-31,1,1.987456088934042,0.8697,0.6349,1258.3442,0.017,Mid,0.0,0.0,,0.0,0.0
LII,2015-01-01,2024-12-31,2,1.987456088934042,0.8697,0.6349,1258.3442,0.017,Mid,0.0,0.0,,0.0,0.0
LII,2015-01-01,2024-12-31,3,1.987456088934042,0.8697,0.6349,1258.3442,0.017,Mid,0.0,0.0,,0.0,0.0
LII,2015-01-01,2024-12-31,5,1.987456088934042,0.8697,0.6349,1258.3442,0.017,Mid,-0.5967737678608636,-0.05979601968228136,-0.5715993509290815,0.5124848352403252,0.10461176973887129
LII,2015-01-01,2024-12-31,8,1.987456088934042,0.8697,0.6349,1258.3442,0.017,Mid,-0.3977522476830472,-0.03985430076187988,-0.3320610965236879,0.477559359515799,0.12002098764085974
LII,2015-01-01,2024-12-31,13,1.987456088934042,0.8697,0.6349,1258.3442,0.017,Mid,-0.2653952162068769,-0.02659228408911848,-0.20246277719936287,0.4290793960404806,0.13134406460765552
LII,2015-01-01,2024-12-31,21,1.987456088934042,0.8697,0.6349,1258.3442,0.017,Mid,-0.21335132614842578,-0.021377548385448628,-0.14874367148396986,0.5073861740977768,0.14372072554194343
LII,2015-01-01,2024-12-31,34,1.987456088934042,0.8697,0.6349,1258.3442,0.017,Mid,-0.1679184159254401,-0.016825224975431773,-0.11283813126473341,0.4478598932676957,0.14910939047685517
LII,2015-01-01,2024-12-31,55,1.987456088934042,0.8697,0.6349,1258.3442,0.017,Mid,0.30125562385664284,0.030185454159790855,0.1953309565743205,0.27351199642001034,0.15453492210952102
LII,2015-01-01,2024-12-31,89,1.987456088934042,0.8697,0.6349,1258.3442,0.017,Mid,-0.2982051047173666,-0.029879795780825603,-0.19133980749676105,0.47072119950442937,0.15616089600869595
LII,2015-01-01,2024-12-31,144,1.987456088934042,0.8697,0.6349,1258.3442,0.017,Mid,-0.3209512294706338,-0.0321589303485486,-0.1919451872671134,0.4528830502205512,0.1675422593628035
WDC,2015-01-01,2024-12-31,1,-0.5331502869690141,0.0449,0.4736,122.6269,0.0285,Mid,0.0,0.0,,0.0,0.0
WDC,2015-01-01,2024-12-31,2,-0.5331502869690141,0.0449,0.4736,122.6269,0.0285,Mid,0.0,0.0,,0.0,0.0
WDC,2015-01-01,2024-12-31,3,-0.5331502869690141,0.0449,0.4736,122.6269,0.0285,Mid,0.0,0.0,,0.0,0.0
WDC,2015-01-01,2024-12-31,5,-0.5331502869690141,0.0449,0.4736,122.6269,0.0285,Mid,-1.2446288027419123,-0.12471032138805643,-0.86085498970431,0.7188308216633257,0.14486797762639728
WDC,2015-01-01,2024-12-31,8,-0.5331502869690141,0.0449,0.4736,122.6269,0.0285,Mid,-1.0236500375397128,-0.10256851270775652,-0.5082178046354722,0.7149542050966512,0.20181999090198252
WDC,2015-01-01,2024-12-31,13,-0.5331502869690141,0.0449,0.4736,122.6269,0.0285,Mid,-1.9945311603544122,-0.1998496431050942,-0.8407792502040071,0.8891954016923773,0.2376957364927864
WDC,2015-01-01,2024-12-31,21,-0.5331502869690141,0.0449,0.4736,122.6269,0.0285,Mid,-1.3857379507236856,-0.13884928969477883,-0.5361838613880949,0.8050632974363297,0.2589583530830638
WDC,2015-01-01,2024-12-31,34,-0.5331502869690141,0.0449,0.4736,122.6269,0.0285,Mid,-1.3554773604802124,-0.13581721464851432,-0.5243091604203045,0.8107210707441872,0.25904032372739494
WDC,2015-01-01,2024-12-31,55,-0.5331502869690141,0.0449,0.4736,122.6269,0.0285,Mid,-0.4312771096008291,-0.043213451936146695,-0.16431865848742344,0.6602366895831357,0.2629856665939988
WDC,2015-01-01,2024-12-31,89,-0.5331502869690141,0.0449,0.4736,122.6269,0.0285,Mid,0.6173723043571661,0.06185996846839199,0.24304862889800746,0.3546371950730428,0.2545168378396852
WDC,2015-01-01,2024-12-31,144,-0.5331502869690141,0.0449,0.4736,122.6269,0.0285,Mid,-0.21780881095531357,-0.02182418304601949,-0.07915178390428662,0.6175319940045884,0.27572572555547364
MTCH,2015-01-01,2024-12-31,1,0.6918723110966665,0.6072,0.6997,663.6543,0.0294,Mid,0.0,0.0,,0.0,0.0
MTCH,2015-01-01,2024-12-31,2,0.6918723110966665,0.6072,0.6997,663.6543,0.0294,Mid,0.0,0.0,,0.0,0.0
MTCH,2015-01-01,2024-12-31,3,0.6918723110966665,0.6072,0.6997,663.6543,0.0294,Mid,0.0,0.0,,0.0,0.0
MTCH,2015-01-01,2024-12-31,5,0.6918723110966665,0.6072,0.6997,663.6543,0.0294,Mid,0.016472497254560237,0.0016505245758048428,0.008880546988826617,0.36926404721030204,0.18585843618433756
MTCH,2015-01-01,2024-12-31,8,0.6918723110966665,0.6072,0.6997,663.6543,0.0294,Mid,-0.36790220024024234,-0.03686336161452925,-0.15858966281822642,0.5153892439526694,0.23244492080660764
MTCH,2015-01-01,2024-12-31,13,0.6918723110966665,0.6072,0.6997,663.6543,0.0294,Mid,0.1701975951067054,0.017053596010691754,0.07501325700393432,0.3957224853829706,0.22734109531862243
MTCH,2015-01-01,2024-12-31,21,0.6918723110966665,0.6072,0.6997,663.6543,0.0294,Mid,-0.2898731084563455,-0.029044939694234224,-0.11752186894554531,0.3949108055715763,0.24714497782274403
MTCH,2015-01-01,2024-12-31,34,0.6918723110966665,0.6072,0.6997,663.6543,0.0294,Mid,-0.5193472246628905,-0.05203797241155007,-0.20335656525018753,0.5744124220069589,0.2558952170908683
MTCH,2015-01-01,2024-12-31,55,0.6918723110966665,0.6072,0.6997,663.6543,0.0294,Mid,-0.485252051593942,-0.04862167674022799,-0.18377857553552804,0.66145440770751,0.26456662099238254
MTCH,2015-01-01,2024-12-31,89,0.6918723110966665,0.6072,0.6997,663.6543,0.0294,Mid,0.2880264140105324,0.02885990311358019,0.10599143812215785,0.41860796021476965,0.27228523006092636
MTCH,2015-01-01,2024-12-31,144,0.6918723110966665,0.6072,0.6997,663.6543,0.0294,Mid,-0.03459849272852833,-0.003466727700830672,-0.011997905844772398,0.5461410354306546,0.28894439960463253
MKC,2015-01-01,2024-12-31,1,0.8922617892841764,0.3198,0.5953,416.3092,0.0144,Mid,0.0,0.0,,0.0,0.0
MKC,2015-01-01,2024-12-31,2,0.8922617892841764,0.3198,0.5953,416.3092,0.0144,Mid,0.0,0.0,,0.0,0.0
MKC,2015-01-01,2024-12-31,3,0.8922617892841764,0.3198,0.5953,416.3092,0.0144,Mid,0.0,0.0,,0.0,0.0
MKC,2015-01-01,2024-12-31,5,0.8922617892841764,0.3198,0.5953,416.3092,0.0144,Mid,-0.5040264357598021,-0.050502847638755524,-0.6917045484413455,0.42901508495586527,0.07301216646985517
MKC,2015-01-01,2024-12-31,8,0.8922617892841764,0.3198,0.5953,416.3092,0.0144,Mid,-0.3187407934617207,-0.03193744729715849,-0.2838338374981559,0.3821976840776353,0.11252163441353605
MKC,2015-01-01,2024-12-31,13,0.8922617892841764,0.3198,0.5953,416.3092,0.0144,Mid,-0.29004448714009556,-0.029062111633918124,-0.226211818869209,0.3284908546576143,0.12847300277763665
MKC,2015-01-01,2024-12-31,21,0.8922617892841764,0.3198,0.5953,416.3092,0.0144,Mid,-0.18874767858678984,-0.018912292248060056,-0.14184351035596296,0.36964944220044293,0.13333209394352105
MKC,2015-01-01,2024-12-31,34,0.8922617892841764,0.3198,0.5953,416.3092,0.0144,Mid,-0.3332456726220523,-0.033390818886980984,-0.23094346456578677,0.4474350719965373,0.14458438540255486
MKC,2015-01-01,2024-12-31,55,0.8922617892841764,0.3198,0.5953,416.3092,0.0144,Mid,-0.6000207882283428,-0.06012136724991746,-0.40456608697036156,0.5078426843124524,0.14860703649221577
MKC,2015-01-01,2024-12-31,89,0.8922617892841764,0.3198,0.5953,416.3092,0.0144,Mid,-0.30434194409062454,-0.030494699765740513,-0.20616016403347284,0.3919035460240148,0.14791751795846114
MKC,2015-01-01,2024-12-31,144,0.8922617892841764,0.3198,0.5953,416.3092,0.0144,Mid,-0.2901998212014827,-0.029077675921579976,-0.20325073315539485,0.4269702490654975,0.14306308011862723
CLF,2015-01-01,2024-12-31,1,0.332358514950442,0.4257,0.8786,305.176,0.0432,Mid,0.0,0.0,,0.0,0.0
CLF,2015-01-01,2024-12-31,2,0.332358514950442,0.4257,0.8786,305.176,0.0432,Mid,0.0,0.0,,0.0,0.0
CLF,2015-01-01,2024-12-31,3,0.332358514950442,0.4257,0.8786,305.176,0.0432,Mid,0.0,0.0,,0.0,0.0
CLF,2015-01-01,2024-12-31,5,0.332358514950442,0.4257,0.8786,305.176,0.0432,Mid,-0.8548318753143954,-0.08565313422633307,-0.3358451650248869,0.6944653764679956,0.25503756833892777
CLF,2015-01-01,2024-12-31,8,0.332358514950442,0.4257,0.8786,305.176,0.0432,Mid,-1.3259164924904465,-0.13285525093741254,-0.40331087769788004,0.7631347735580973,0.329411524171521
CLF,2015-01-01,2024-12-31,13,0.332358514950442,0.4257,0.8786,305.176,0.0432,Mid,-1.7122907888400822,-0.17156949454779355,-0.4697753696738836,0.8216982264395319,0.36521602796437896
CLF,2015-01-01,2024-12-31,21,0.332358514950442,0.4257,0.8786,305.176,0.0432,Mid,-2.053320536029244,-0.20574026842122048,-0.5533093481803133,0.8769648007031885,0.3718358800512684
CLF,2015-01-01,2024-12-31,34,0.332358514950442,0.4257,0.8786,305.176,0.0432,Mid,-1.921420968881071,-0.19252408912844132,-0.469895431848987,0.8729630236675117,0.4097168775846152
CLF,2015-01-01,2024-12-31,55,0.332358514950442,0.4257,0.8786,305.176,0.0432,Mid,-1.3036310970379277,-0.13062228089604683,-0.3191691027724588,0.7643543883166101,0.4092572863770267
CLF,2015-01-01,2024-12-31,89,0.332358514950442,0.4257,0.8786,305.176,0.0432,Mid,-1.9014995107604493,-0.19052798278792574,-0.4655774966140361,0.8623184094916885,0.40922936390517495
CLF,2015-01-01,2024-12-31,144,0.332358514950442,0.4257,0.8786,305.176,0.0432,Mid,-0.33643525131280805,-0.03371041086712828,-0.08773040906706761,0.7340358688396093,0.38425001348571797
FE,2015-01-01,2024-12-31,1,0.42766883767438046,0.6664,0.4645,275.428,0.0162,Mid,0.0,0.0,,0.0,0.0
FE,2015-01-01,2024-12-31,2,0.42766883767438046,0.6664,0.4645,275.428,0.0162,Mid,0.0,0.0,,0.0,0.0
FE,2015-01-01,2024-12-31,3,0.42766883767438046,0.6664,0.4645,275.428,0.0162,Mid,0.0,0.0,,0.0,0.0
FE,2015-01-01,2024-12-31,5,0.42766883767438046,0.6664,0.4645,275.428,0.0162,Mid,-0.24416362747444148,-0.024464904224079227,-0.2000573068031353,0.3273735563153044,0.12228948102432324
FE,2015-01-01,2024-12-31,8,0.42766883767438046,0.6664,0.4645,275.428,0.0162,Mid,-0.5567203864687185,-0.05578271864418173,-0.40275901830017063,0.5007569900022188,0.1385014763408914
FE,2015-01-01,2024-12-31,13,0.42766883767438046,0.6664,0.4645,275.428,0.0162,Mid,-0.3918620494098596,-0.03926410992098792,-0.2660771763623143,0.4892849098882618,0.14756662130058995
FE,2015-01-01,2024-12-31,21,0.42766883767438046,0.6664,0.4645,275.428,0.0162,Mid,-0.09884374347774241,-0.009904025191407987,-0.060143017191340936,0.29011355890691093,0.1646745649607003
FE,2015-01-01,2024-12-31,34,0.42766883767438046,0.6664,0.4645,275.428,0.0162,Mid,-0.16488679666932926,-0.016521460342215098,-0.09790019816098292,0.40094608264680753,0.1687581910206955
FE,2015-01-01,2024-12-31,55,0.42766883767438046,0.6664,0.4645,275.428,0.0162,Mid,0.012609432296754819,0.0012634500750625108,0.007551477546787893,0.3236992717870363,0.16731163765426724
FE,2015-01-01,2024-12-31,89,0.42766883767438046,0.6664,0.4645,275.428,0.0162,Mid,0.3593007524646944,0.036001506807595625,0.21836664613826967,0.26162403480201857,0.16486724252200807
FE,2015-01-01,2024-12-31,144,0.42766883767438046,0.6664,0.4645,275.428,0.0162,Mid,0.29423651601368306,0.029482147926619538,0.1733956627752655,0.31461843500684905,0.1700281740312659
AKAM,2015-01-01,2024-12-31,1,0.4106591693015671,0.3294,0.5112,248.1905,0.0197,Mid,0.0,0.0,,0.0,0.0
AKAM,2015-01-01,2024-12-31,2,0.4106591693015671,0.3294,0.5112,248.1905,0.0197,Mid,0.0,0.0,,0.0,0.0
AKAM,2015-01-01,2024-12-31,3,0.4106591693015671,0.3294,0.5112,248.1905,0.0197,Mid,0.0,0.0,,0.0,0.0
AKAM,2015-01-01,2024-12-31,5,0.4106591693015671,0.3294,0.5112,248.1905,0.0197,Mid,-1.001120538466567,-0.10031108377478126,-0.8004446770567835,0.6854724703400861,0.12531919650415166
AKAM,2015-01-01,2024-12-31,8,0.4106591693015671,0.3294,0.5112,248.1905,0.0197,Mid,-0.570090691962915,-0.05712240730602568,-0.3424035050877315,0.45032350431075796,0.16682775280407725
AKAM,2015-01-01,2024-12-31,13,0.4106591693015671,0.3294,0.5112,248.1905,0.0197,Mid,-0.2598657929740287,-0.02603824247692057,-0.13538826749162725,0.439164097617327,0.19232273932843436
AKAM,2015-01-01,2024-12-31,21,0.4106591693015671,0.3294,0.5112,248.1905,0.0197,Mid,0.3186836178557409,0.03193171836964084,0.1656295043843785,0.21689396095005442,0.19279003754993126
AKAM,2015-01-01,2024-12-31,34,0.4106591693015671,0.3294,0.5112,248.1905,0.0197,Mid,0.7966352129567629,0.07982189807757624,0.41099730428942566,0.2513324339583025,0.1942151377746395
AKAM,2015-01-01,2024-12-31,55,0.4106591693015671,0.3294,0.5112,248.1905,0.0197,Mid,0.7289020965240169,0.07303512060598501,0.35564432907581867,0.3202706484050143,0.20536000333753357
AKAM,2015-01-01,2024-12-31,89,0.4106591693015671,0.3294,0.5112,248.1905,0.0197,Mid,0.3173611216159744,0.03179920582394654,0.1681953375078784,0.3216734682828225,0.1890611612373443
AKAM,2015-01-01,2024-12-31,144,0.4106591693015671,0.3294,0.5112,248.1905,0.0197,Mid,0.13141548517217538,0.013167674856217972,0.07123210551220391,0.4839392076409892,0.1848558983555808
TXT,2015-01-01,2024-12-31,1,0.6094035973130663,0.5066,0.5583,291.5754,0.0207,Mid,0.0,0.0,,0.0,0.0
TXT,2015-01-01,2024-12-31,2,0.6094035973130663,0.5066,0.5583,291.5754,0.0207,Mid,0.0,0.0,,0.0,0.0
TXT,2015-01-01,2024-12-31,3,0.6094035973130663,0.5066,0.5583,291.5754,0.0207,Mid,0.0,0.0,,0.0,0.0
TXT,2015-01-01,2024-12-31,5,0.6094035973130663,0.5066,0.5583,291.5754,0.0207,Mid,-0.36931512899469854,-0.03700493539032367,-0.3161695044614049,0.48182003753555247,0.11704144412460532
TXT,2015-01-01,2024-12-31,8,0.6094035973130663,0.5066,0.5583,291.5754,0.0207,Mid,-0.4780212880775534,-0.04789716286105108,-0.28222303234323237,0.5813914755182505,0.16971386942933767
TXT,2015-01-01,2024-12-31,13,0.6094035973130663,0.5066,0.5583,291.5754,0.0207,Mid,-0.12902403910191212,-0.01292805481259716,-0.0745918657281356,0.4655312287039698,0.1733172201338406
TXT,2015-01-01,2024-12-31,21,0.6094035973130663,0.5066,0.5583,291.5754,0.0207,Mid,-0.791530912120822,-0.0793104532224442,-0.4068271593788657,0.6884763978473233,0.19494876729354443
TXT,2015-01-01,2024-12-31,34,0.6094035973130663,0.5066,0.5583,291.5754,0.0207,Mid,-0.3817460992812778,-0.03825050378484374,-0.18363548172350122,0.6740659981740582,0.20829582293054497
TXT,2015-01-01,2024-12-31,55,0.6094035973130663,0.5066,0.5583,291.5754,0.0207,Mid,-0.05806388617169034,-0.005817932133306547,-0.02712291704862074,0.5933177018658168,0.21450244908677335
TXT,2015-01-01,2024-12-31,89,0.6094035973130663,0.5066,0.5583,291.5754,0.0207,Mid,-0.5017108589625657,-0.05027082960579188,-0.24503929055779688,0.657255979920953,0.2051541591201865
TXT,2015-01-01,2024-12-31,144,0.6094035973130663,0.5066,0.5583,291.5754,0.0207,Mid,-0.3805677367044388,-0.03813243326024596,-0.1717225976520159,0.5936721257726492,0.22205833001384434
REG,2015-01-01,2024-12-31,1,0.49652079794988224,0.2189,0.4929,134.0819,0.0187,Mid,0.0,0.0,,0.0,0.0
REG,2015-01-01,2024-12-31,2,0.49652079794988224,0.2189,0.4929,134.0819,0.0187,Mid,0.0,0.0,,0.0,0.0
REG,2015-01-01,2024-12-31,3,0.49652079794988224,0.2189,0.4929,134.0819,0.0187,Mid,0.0,0.0,,0.0,0.0
REG,2015-01-01,2024-12-31,5,0.49652079794988224,0.2189,0.4929,134.0819,0.0187,Mid,-0.4962139791185146,-0.04972004880233228,-0.3664873868249963,0.5304548369770601,0.13566646654083736
REG,2015-01-01,2024-12-31,8,0.49652079794988224,0.2189,0.4929,134.0819,0.0187,Mid,0.17850394350250076,0.01788588221178139,0.11559202397561578,0.3645066765195365,0.15473284052500394
REG,2015-01-01,2024-12-31,13,0.49652079794988224,0.2189,0.4929,134.0819,0.0187,Mid,-0.05680895253421653,-0.005692189279770404,-0.03145455937182595,0.37390271147268594,0.1809654750677873
REG,2015-01-01,2024-12-31,21,0.49652079794988224,0.2189,0.4929,134.0819,0.0187,Mid,0.3387058940398435,0.033937926559857085,0.1865781647655225,0.26845643462348123,0.18189656116785013
REG,2015-01-01,2024-12-31,34,0.49652079794988224,0.2189,0.4929,134.0819,0.0187,Mid,0.1638514200258423,0.01641771683757943,0.08012763627788684,0.40370189561744185,0.20489456073110565
REG,2015-01-01,2024-12-31,55,0.49652079794988224,0.2189,0.4929,134.0819,0.0187,Mid,0.30951589748965547,0.031013123724609615,0.1475596311633664,0.44342880340973245,0.21017349718280556
REG,2015-01-01,2024-12-31,89,0.49652079794988224,0.2189,0.4929,134.0819,0.0187,Mid,0.3827014722418114,0.03834623101587931,0.18510441781826026,0.44342880340973245,0.2071599990310794
REG,2015-01-01,2024-12-31,144,0.49652079794988224,0.2189,0.4929,134.0819,0.0187,Mid,0.5019863935334619,0.0502984378411262,0.23127318730292465,0.46714879121429487,0.21748495114241084
INSM,2015-01-01,2024-12-31,1,1.4601351150254562,0.2336,0.497,167.4536,0.0421,Small,0.0,0.0,,0.0,0.0
INSM,2015-01-01,2024-12-31,2,1.4601351150254562,0.2336,0.497,167.4536,0.0421,Small,0.0,0.0,,0.0,0.0
INSM,2015-01-01,2024-12-31,3,1.4601351150254562,0.2336,0.497,167.4536,0.0421,Small,0.0,0.0,,0.0,0.0
INSM,2015-01-01,2024-12-31,5,1.4601351150254562,0.2336,0.497,167.4536,0.0421,Small,0.31641258231960434,0.031704163317908665,0.09722638476678568,0.5596162636518884,0.32608600426681084
INSM,2015-01-01,2024-12-31,8,1.4601351150254562,0.2336,0.497,167.4536,0.0421,Small,0.19566147862437822,0.01960504676474883,0.050412587467356634,0.629237205935012,0.38889189683912917
INSM,2015-01-01,2024-12-31,13,1.4601351150254562,0.2336,0.497,167.4536,0.0421,Small,-0.329510666971625,-0.0330165757760833,-0.0822765849742641,0.7346495474624537,0.4012876298452445
INSM,2015-01-01,2024-12-31,21,1.4601351150254562,0.2336,0.497,167.4536,0.0421,Small,0.22131631351163805,0.022175630618263536,0.0550322492289083,0.7276305930291712,0.40295701027997843
INSM,2015-01-01,2024-12-31,34,1.4601351150254562,0.2336,0.497,167.4536,0.0421,Small,1.266759775620713,0.12692781847173745,0.3238973266959055,0.427263263864034,0.39187670909956296
INSM,2015-01-01,2024-12-31,55,1.4601351150254562,0.2336,0.497,167.4536,0.0421,Small,1.851878134198822,0.1855559800469595,0.4742985327018343,0.3839101523643418,0.3912219145818198
INSM,2015-01-01,2024-12-31,89,1.4601351150254562,0.2336,0.497,167.4536,0.0421,Small,1.3370451279939712,0.1339703269401514,0.2850105086496387,0.4647725204304646,0.47005399055246805
INSM,2015-01-01,2024-12-31,144,1.4601351150254562,0.2336,0.497,167.4536,0.0421,Small,2.550308831413122,0.2555379027897045,0.5490539090457937,0.3849195260103242,0.46541495940499983
NEOG,2015-01-01,2024-12-31,1,-0.39670581061895915,0.6186,0.5677,510.5719,0.0227,Small,0.0,0.0,,0.0,0.0
NEOG,2015-01-01,2024-12-31,2,-0.39670581061895915,0.6186,0.5677,510.5719,0.0227,Small,0.0,0.0,,0.0,0.0
NEOG,2015-01-01,2024-12-31,3,-0.39670581061895915,0.6186,0.5677,510.5719,0.0227,Small,0.0,0.0,,0.0,0.0
NEOG,2015-01-01,2024-12-31,5,-0.39670581061895915,0.6186,0.5677,510.5719,0.0227,Small,0.14142757179466767,0.014170873992944833,0.1273278207064118,0.34693747582534895,0.1112944045875061
NEOG,2015-01-01,2024-12-31,8,-0.39670581061895915,0.6186,0.5677,510.5719,0.0227,Small,-0.5714179453985941,-0.05725539651707584,-0.3424275478063676,0.6348928241479423,0.16720441122176313
NEOG,2015-01-01,2024-12-31,13,-0.39670581061895915,0.6186,0.5677,510.5719,0.0227,Small,-0.4733690653775351,-0.047431015695880256,-0.2428561213180412,0.618915855917572,0.19530500379591098
NEOG,2015-01-01,2024-12-31,21,-0.39670581061895915,0.6186,0.5677,510.5719,0.0227,Small,-0.5324713018368048,-0.05335298928941345,-0.2695030458352915,0.6803025256839936,0.19796803826113515
NEOG,2015-01-01,2024-12-31,34,-0.39670581061895915,0.6186,0.5677,510.5719,0.0227,Small,-0.9953666969651419,-0.0997345557197677,-0.48574943455029307,0.7029339722053235,0.20532099190625303
NEOG,2015-01-01,2024-12-31,55,-0.39670581061895915,0.6186,0.5677,510.5719,0.0227,Small,-0.7702929677280679,-0.0771824365278223,-0.38256586889298255,0.7076440112436487,0.20174940527539068
NEOG,2015-01-01,2024-12-31,89,-0.39670581061895915,0.6186,0.5677,510.5719,0.0227,Small,-0.15631210841094834,-0.0156622868069817,-0.07796826405466194,0.6392427415590164,0.200880281187243
NEOG,2015-01-01,2024-12-31,144,-0.39670581061895915,0.6186,0.5677,510.5719,0.0227,Small,-0.19541746236870627,-0.019580596627003573,-0.09620065808695386,0.6341942863336472,0.2035391131036241
ACLS,2015-01-01,2024-12-31,1,1.9243931659932938,0.6764,0.615,747.2572,0.033,Small,0.0,0.0,,0.0,0.0
ACLS,2015-01-01,2024-12-31,2,1.9243931659932938,0.6764,0.615,747.2572,0.033,Small,0.0,0.0,,0.0,0.0
ACLS,2015-01-01,2024-12-31,3,1.9243931659932938,0.6764,0.615,747.2572,0.033,Small,0.0,0.0,,0.0,0.0
ACLS,2015-01-01,2024-12-31,5,1.9243931659932938,0.6764,0.615,747.2572,0.033,Small,-0.43993995677427944,-0.04408145888951031,-0.23497301804223159,0.5936146705809988,0.18760221601949026
ACLS,2015-01-01,2024-12-31,8,1.9243931659932938,0.6764,0.615,747.2572,0.033,Small,-0.08580607255761574,-0.008597666117105038,-0.03663082999472343,0.5282551672659126,0.23471120142086616
ACLS,2015-01-01,2024-12-31,13,1.9243931659932938,0.6764,0.615,747.2572,0.033,Small,-0.10806379360219176,-0.010827863215806094,-0.03921109754565038,0.5117348173883487,0.2761428241889957
ACLS,2015-01-01,2024-12-31,21,1.9243931659932938,0.6764,0.615,747.2572,0.033,Small,0.2957855765606914,0.029637361945643828,0.09397680784265801,0.5497710619064478,0.31536889394311624
ACLS,2015-01-01,2024-12-31,34,1.9243931659932938,0.6764,0.615,747.2572,0.033,Small,0.2827196710124136,0.02832817379527961,0.08811929139452424,0.5504586278666594,0.32147527910148327
ACLS,2015-01-01,2024-12-31,55,1.9243931659932938,0.6764,0.615,747.2572,0.033,Small,0.5393012614000048,0.05403734309057702,0.1752163163429752,0.565413022704629,0.3084036020070313
ACLS,2015-01-01,2024-12-31,89,1.9243931659932938,0.6764,0.615,747.2572,0.033,Small,0.03827660788315601,0.003835270451910662,0.012120151565290567,0.6231110536596032,0.31643749925487963
ACLS,2015-01-01,2024-12-31,144,1.9243931659932938,0.6764,0.615,747.2572,0.033,Small,0.8195507882396077,0.08211801138623505,0.29727706062252623,0.5153387084457408,0.2762339321247061
PRDO,2015-01-01,2024-12-31,1,1.384160374858932,0.6857,0.6982,652.1553,0.0272,Small,0.0,0.0,,0.0,0.0
PRDO,2015-01-01,2024-12-31,2,1.384160374858932,0.6857,0.6982,652.1553,0.0272,Small,0.0,0.0,,0.0,0.0
PRDO,2015-01-01,2024-12-31,3,1.384160374858932,0.6857,0.6982,652.1553,0.0272,Small,0.0,0.0,,0.0,0.0
PRDO,2015-01-01,2024-12-31,5,1.384160374858932,0.6857,0.6982,652.1553,0.0272,Small,-0.6238342347447506,-0.06250744618515991,-0.3405899056548258,0.6599360970730583,0.18352700754586868
PRDO,2015-01-01,2024-12-31,8,1.384160374858932,0.6857,0.6982,652.1553,0.0272,Small,-0.12531835250190093,-0.012556749435578145,-0.05824794483303494,0.5235284377795868,0.2155741197663109
PRDO,2015-01-01,2024-12-31,13,1.384160374858932,0.6857,0.6982,652.1553,0.0272,Small,-0.38090841647559526,-0.038166568966938375,-0.17813241640597985,0.5287346019898926,0.2142595364560335
PRDO,2015-01-01,2024-12-31,21,1.384160374858932,0.6857,0.6982,652.1553,0.0272,Small,-1.326348519048148,-0.13289853948315442,-0.5404497357134159,0.8416573930988189,0.24590360712772458
PRDO,2015-01-01,2024-12-31,34,1.384160374858932,0.6857,0.6982,652.1553,0.0272,Small,-0.4712647990008756,-0.047220170714998275,-0.18482196474406792,0.7443265591052987,0.2554900375633728
PRDO,2015-01-01,2024-12-31,55,1.384160374858932,0.6857,0.6982,652.1553,0.0272,Small,-1.1924216817631508,-0.11947923014088033,-0.45673766086955714,0.7983435993811201,0.26159268301503874
PRDO,2015-01-01,2024-12-31,89,1.384160374858932,0.6857,0.6982,652.1553,0.0272,Small,-0.4124801528154294,-0.041330019288066885,-0.18065863388253336,0.5207562443416234,0.22877411613186563
PRDO,2015-01-01,2024-12-31,144,1.384160374858932,0.6857,0.6982,652.1553,0.0272,Small,0.5502028031316932,0.05512966456826509,0.22604353623599896,0.509935509653882,0.24388958643217915
IMMR,2015-01-01,2024-12-31,1,0.0024246653110095995,0.0162,0.4942,81.7002,0.0329,Small,0.0,0.0,,0.0,0.0
IMMR,2015-01-01,2024-12-31,2,0.0024246653110095995,0.0162,0.4942,81.7002,0.0329,Small,0.0,0.0,,0.0,0.0
IMMR,2015-01-01,2024-12-31,3,0.0024246653110095995,0.0162,0.4942,81.7002,0.0329,Small,0.0,0.0,,0.0,0.0
IMMR,2015-01-01,2024-12-31,5,0.0024246653110095995,0.0162,0.4942,81.7002,0.0329,Small,-0.7360669523348866,-0.07375303061168646,-0.3530300855356706,0.7490665975202639,0.20891429267218745
IMMR,2015-01-01,2024-12-31,8,0.0024246653110095995,0.0162,0.4942,81.7002,0.0329,Small,-1.6054258134449966,-0.16086175148633763,-0.6097327931879248,0.9024560511756743,0.2638233555477451
IMMR,2015-01-01,2024-12-31,13,0.0024246653110095995,0.0162,0.4942,81.7002,0.0329,Small,-1.3921042947667472,-0.13948718977384506,-0.4707567168346689,0.8595004904314392,0.2963041944717134
IMMR,2015-01-01,2024-12-31,21,0.0024246653110095995,0.0162,0.4942,81.7002,0.0329,Small,-0.3442895166395086,-0.03449739888395872,-0.11233133085493072,0.6992438477297316,0.3071039808876659
IMMR,2015-01-01,2024-12-31,34,0.0024246653110095995,0.0162,0.4942,81.7002,0.0329,Small,-0.19259691404466417,-0.019297981049405714,-0.05774229901379799,0.7779583871378125,0.33420874088844826
IMMR,2015-01-01,2024-12-31,55,0.0024246653110095995,0.0162,0.4942,81.7002,0.0329,Small,1.0442948742246616,0.10463710071754065,0.3144536575157643,0.5273066618218447,0.33275841516422794
IMMR,2015-01-01,2024-12-31,89,0.0024246653110095995,0.0162,0.4942,81.7002,0.0329,Small,0.30396255681169704,0.030456685612941414,0.10043901492104454,0.6035177787354666,0.3032356065706491
IMMR,2015-01-01,2024-12-31,144,0.0024246653110095995,0.0162,0.4942,81.7002,0.0329,Small,0.3219325909705808,0.03225726160023315,0.10530977084223382,0.4444901418751055,0.30630834482166186
CVCO,2015-01-01,2024-12-31,1,1.7466796279666112,0.69,0.562,518.6477,0.027,Small,0.0,0.0,,0.0,0.0
CVCO,2015-01-01,2024-12-31,2,1.7466796279666112,0.69,0.562,518.6477,0.027,Small,0.0,0.0,,0.0,0.0
CVCO,2015-01-01,2024-12-31,3,1.7466796279666112,0.69,0.562,518.6477,0.027,Small,0.0,0.0,,0.0,0.0
CVCO,2015-01-01,2024-12-31,5,1.7466796279666112,0.69,0.562,518.6477,0.027,Small,0.14156354694719298,0.014184498541030868,0.1058616521794972,0.40995323005022133,0.13399090462880625
CVCO,2015-01-01,2024-12-31,8,1.7466796279666112,0.69,0.562,518.6477,0.027,Small,0.016008090546850276,0.0016039915776565686,0.007584820889844226,0.45974729544354964,0.21147388988502677
CVCO,2015-01-01,2024-12-31,13,1.7466796279666112,0.69,0.562,518.6477,0.027,Small,0.05366630130640959,0.005377299375433486,0.02364878144633605,0.5801701962547892,0.22738166816906336
CVCO,2015-01-01,2024-12-31,21,1.7466796279666112,0.69,0.562,518.6477,0.027,Small,0.39573287574807403,0.03965196210278913,0.16965249528866716,0.5285572702717336,0.23372460296160402
CVCO,2015-01-01,2024-12-31,34,1.7466796279666112,0.69,0.562,518.6477,0.027,Small,0.5390771913905096,0.05401489154290593,0.2201062031055495,0.5358996382172144,0.24540376773027012
CVCO,2015-01-01,2024-12-31,55,1.7466796279666112,0.69,0.562,518.6477,0.027,Small,-0.03190879323197948,-0.0031972230196655386,-0.013011637118798656,0.5789013600470603,0.24572027258939827
CVCO,2015-01-01,2024-12-31,89,1.7466796279666112,0.69,0.562,518.6477,0.027,Small,0.7447378795092101,0.07462184717149939,0.29579214594101844,0.43744892210174147,0.2522779870780583
CVCO,2015-01-01,2024-12-31,144,1.7466796279666112,0.69,0.562,518.6477,0.027,Small,0.1501444311114042,0.015044292898637717,0.05850947443785007,0.3919642005167605,0.25712575686554945
STRL,2015-01-01,2024-12-31,1,3.2782893314485455,0.9742,0.7279,-1949.6129,0.0322,Small,0.0,0.0,,0.0,0.0
STRL,2015-01-01,2024-12-31,2,3.2782893314485455,0.9742,0.7279,-1949.6129,0.0322,Small,0.0,0.0,,0.0,0.0
STRL,2015-01-01,2024-12-31,3,3.2782893314485455,0.9742,0.7279,-1949.6129,0.0322,Small,0.0,0.0,,0.0,0.0
STRL,2015-01-01,2024-12-31,5,3.2782893314485455,0.9742,0.7279,-1949.6129,0.0322,Small,-2.1434768038988814,-0.21477381891949032,-1.1098711016980796,0.9098371700816377,0.19351239850365587
STRL,2015-01-01,2024-12-31,8,3.2782893314485455,0.9742,0.7279,-1949.6129,0.0322,Small,-2.443903128422837,-0.24487617827536975,-0.9987307444044737,0.9370750565838388,0.24518738373412674
STRL,2015-01-01,2024-12-31,13,3.2782893314485455,0.9742,0.7279,-1949.6129,0.0322,Small,-1.6646999988206028,-0.16680095415617968,-0.6269020135028452,0.8693370824916068,0.2660718111657854
STRL,2015-01-01,2024-12-31,21,3.2782893314485455,0.9742,0.7279,-1949.6129,0.0322,Small,-2.5983253037121976,-0.26034909603796175,-0.8929814233556608,0.9313920940330619,0.29155040544921695
STRL,2015-01-01,2024-12-31,34,3.2782893314485455,0.9742,0.7279,-1949.6129,0.0322,Small,-0.7572568656747772,-0.07587623465210493,-0.270126437683225,0.6955314399224979,0.2808915532402806
STRL,2015-01-01,2024-12-31,55,3.2782893314485455,0.9742,0.7279,-1949.6129,0.0322,Small,-1.3313588599354234,-0.13340056966350963,-0.5123653965608004,0.7548907633091524,0.2603621762104684
STRL,2015-01-01,2024-12-31,89,3.2782893314485455,0.9742,0.7279,-1949.6129,0.0322,Small,-1.2312475772866247,-0.12336953855913696,-0.4658422108864284,0.72679411649028,0.26483117174886983
STRL,2015-01-01,2024-12-31,144,3.2782893314485455,0.9742,0.7279,-1949.6129,0.0322,Small,-0.6686587000466603,-0.06699880413986417,-0.23659593136154647,0.7360916127111168,0.2831781753570483
TPC,2015-01-01,2024-12-31,1,-0.0011638604153378918,0.3385,0.6124,175.8404,0.0398,Small,0.0,0.0,,0.0,0.0
TPC,2015-01-01,2024-12-31,2,-0.0011638604153378918,0.3385,0.6124,175.8404,0.0398,Small,0.0,0.0,,0.0,0.0
TPC,2015-01-01,2024-12-31,3,-0.0011638604153378918,0.3385,0.6124,175.8404,0.0398,Small,0.0,0.0,,0.0,0.0
TPC,2015-01-01,2024-12-31,5,-0.0011638604153378918,0.3385,0.6124,175.8404,0.0398,Small,-0.7044892291331717,-0.07058898041413887,-0.20590921666366763,0.7102087917812778,0.342816031054302
TPC,2015-01-01,2024-12-31,8,-0.0011638604153378918,0.3385,0.6124,175.8404,0.0398,Small,-1.0818196096824426,-0.10839703444929445,-0.275031342412946,0.8603062353528589,0.39412611485763555
TPC,2015-01-01,2024-12-31,13,-0.0011638604153378918,0.3385,0.6124,175.8404,0.0398,Small,-0.6017334660743541,-0.0602929755271321,-0.154031802587267,0.911645172663871,0.39143199335717055
TPC,2015-01-01,2024-12-31,21,-0.0011638604153378918,0.3385,0.6124,175.8404,0.0398,Small,-0.8990478611990217,-0.09008352326924592,-0.2125905804521494,0.9068457750571787,0.4237418378446086
TPC,2015-01-01,2024-12-31,34,-0.0011638604153378918,0.3385,0.6124,175.8404,0.0398,Small,-0.2859817819160867,-0.02865503341664169,-0.06733018914530874,0.7948100803508662,0.42558967649414725
TPC,2015-01-01,2024-12-31,55,-0.0011638604153378918,0.3385,0.6124,175.8404,0.0398,Small,0.33675813168793356,0.03374276309557028,0.07773381977391866,0.8321431167125566,0.4340808568742391
TPC,2015-01-01,2024-12-31,89,-0.0011638604153378918,0.3385,0.6124,175.8404,0.0398,Small,-0.25276338510234897,-0.025326589680235365,-0.056729410774422485,0.8004665242197736,0.44644549158008057
TPC,2015-01-01,2024-12-31,144,-0.0011638604153378918,0.3385,0.6124,175.8404,0.0398,Small,-0.013109037610782304,-0.0013135099315773919,-0.002848310857215148,0.7766928056971036,0.46115399527059964
GHC,2015-01-01,2024-12-31,1,0.6209555023210791,0.5127,0.5291,196.4016,0.0179,Small,0.0,0.0,,0.0,0.0
GHC,2015-01-01,2024-12-31,2,0.6209555023210791,0.5127,0.5291,196.4016,0.0179,Small,0.0,0.0,,0.0,0.0
GHC,2015-01-01,2024-12-31,3,0.6209555023210791,0.5127,0.5291,196.4016,0.0179,Small,0.0,0.0,,0.0,0.0
GHC,2015-01-01,2024-12-31,5,0.6209555023210791,0.5127,0.5291,196.4016,0.0179,Small,-0.03704394147586845,-0.003711758748277873,-0.03033710920842235,0.3165064895912634,0.12235044291060518
GHC,2015-01-01,2024-12-31,8,0.6209555023210791,0.5127,0.5291,196.4016,0.0179,Small,-0.39253601103187163,-0.039331640071583164,-0.24673327030909462,0.4870405941428223,0.15940955195183257
GHC,2015-01-01,2024-12-31,13,0.6209555023210791,0.5127,0.5291,196.4016,0.0179,Small,0.3321828683092445,0.033284327162596265,0.19331528685245727,0.38171579498369757,0.172176384519449
GHC,2015-01-01,2024-12-31,21,0.6209555023210791,0.5127,0.5291,196.4016,0.0179,Small,-0.5460991306193912,-0.05471848147756922,-0.3102009475157747,0.5088648006833758,0.1763968869720703
GHC,2015-01-01,2024-12-31,34,0.6209555023210791,0.5127,0.5291,196.4016,0.0179,Small,0.06773027387015829,0.006786492650210692,0.038224837110155264,0.44097694548367083,0.17754144067778674
GHC,2015-01-01,2024-12-31,55,0.6209555023210791,0.5127,0.5291,196.4016,0.0179,Small,-0.5812941490830952,-0.05824498034550298,-0.3213158267313511,0.6172298567829095,0.18127018808258397
GHC,2015-01-01,2024-12-31,89,0.6209555023210791,0.5127,0.5291,196.4016,0.0179,Small,-0.17574206975084006,-0.0176091457563466,-0.09329679216109733,0.5972666193105571,0.18874331419606105
GHC,2015-01-01,2024-12-31,144,0.6209555023210791,0.5127,0.5291,196.4016,0.0179,Small,-0.1813817595972289,-0.018174235951690532,-0.0919790622523525,0.5684844108628766,0.1975910115481276
FIZZ,2015-01-01,2024-12-31,1,1.6002123403649342,0.1578,0.6676,293.0006,0.0256,Small,0.0,0.0,,0.0,0.0
FIZZ,2015-01-01,2024-12-31,2,1.6002123403649342,0.1578,0.6676,293.0006,0.0256,Small,0.0,0.0,,0.0,0.0
FIZZ,2015-01-01,2024-12-31,3,1.6002123403649342,0.1578,0.6676,293.0006,0.0256,Small,0.0,0.0,,0.0,0.0
FIZZ,2015-01-01,2024-12-31,5,1.6002123403649342,0.1578,0.6676,293.0006,0.0256,Small,0.25623473251575035,0.02567441455028592,0.13388934965445898,0.39583666733438805,0.19175845290567423
FIZZ,2015-01-01,2024-12-31,8,1.6002123403649342,0.1578,0.6676,293.0006,0.0256,Small,-0.8911359037618797,-0.08929075457176687,-0.40011028337498333,0.7152010241295093,0.2231653578573075
FIZZ,2015-01-01,2024-12-31,13,1.6002123403649342,0.1578,0.6676,293.0006,0.0256,Small,-0.8541088583430624,-0.08558068878825119,-0.34674867000157705,0.7377668322969924,0.24680898931165896
FIZZ,2015-01-01,2024-12-31,21,1.6002123403649342,0.1578,0.6676,293.0006,0.0256,Small,-0.3839884392933818,-0.0384751835792971,-0.14931191334769567,0.6467311263891343,0.2576832800320611
FIZZ,2015-01-01,2024-12-31,34,1.6002123403649342,0.1578,0.6676,293.0006,0.0256,Small,-0.0629963819915621,-0.006312162330764871,-0.02464240302217202,0.5907789003440316,0.2561504381324134
FIZZ,2015-01-01,2024-12-31,55,1.6002123403649342,0.1578,0.6676,293.0006,0.0256,Small,-0.3729746145307101,-0.03737161147584054,-0.14340176727708662,0.7491512757665221,0.2606077469298521
FIZZ,2015-01-01,2024-12-31,89,1.6002123403649342,0.1578,0.6676,293.0006,0.0256,Small,-0.6216745593056597,-0.0622910492823166,-0.24391516030545843,0.7499808552405813,0.25537998213931695
FIZZ,2015-01-01,2024-12-31,144,1.6002123403649342,0.1578,0.6676,293.0006,0.0256,Small,-1.170892624626139,-0.11732204429653562,-0.46861075967194865,0.851324461331373,0.25036139669235724
CMTL,2015-01-01,2024-12-31,1,-1.7515402112899732,0.7195,0.6242,487.5689,0.0401,Small,0.0,0.0,,0.0,0.0
CMTL,2015-01-01,2024-12-31,2,-1.7515402112899732,0.7195,0.6242,487.5689,0.0401,Small,0.0,0.0,,0.0,0.0
CMTL,2015-01-01,2024-12-31,3,-1.7515402112899732,0.7195,0.6242,487.5689,0.0401,Small,0.0,0.0,,0.0,0.0
CMTL,2015-01-01,2024-12-31,5,-1.7515402112899732,0.7195,0.6242,487.5689,0.0401,Small,0.932558711531399,0.09344127049936882,0.3537691896864226,0.31039131878214743,0.2641306061225801
CMTL,2015-01-01,2024-12-31,8,-1.7515402112899732,0.7195,0.6242,487.5689,0.0401,Small,-0.14759151181494357,-0.014788493430364128,-0.045932618363682884,0.46461317640567157,0.32196060135898563
CMTL,2015-01-01,2024-12-31,13,-1.7515402112899732,0.7195,0.6242,487.5689,0.0401,Small,-0.28481142429180306,-0.028537764978741303,-0.07924489180673933,0.6642637057012339,0.3601211930270353
CMTL,2015-01-01,2024-12-31,21,-1.7515402112899732,0.7195,0.6242,487.5689,0.0401,Small,0.7020045177610481,0.07034001529852252,0.17680446243767411,0.6129617546975732,0.3978407237505009
CMTL,2015-01-01,2024-12-31,34,-1.7515402112899732,0.7195,0.6242,487.5689,0.0401,Small,-0.8834272930502386,-0.08851836097362233,-0.23644233018025418,0.8028633602362891,0.3743761149119934
CMTL,2015-01-01,2024-12-31,55,-1.7515402112899732,0.7195,0.6242,487.5689,0.0401,Small,-0.6024993662719238,-0.06036971781332994,-0.1511722614840979,0.7549680856634843,0.3993438824071594
CMTL,2015-01-01,2024-12-31,89,-1.7515402112899732,0.7195,0.6242,487.5689,0.0401,Small,-1.0759811922664375,-0.10781203198852575,-0.2966396672122081,0.829060856661507,0.3634444206391315
CMTL,2015-01-01,2024-12-31,144,-1.7515402112899732,0.7195,0.6242,487.5689,0.0401,Small,-0.4608044097670425,-0.04617205219136967,-0.11386908490607892,0.7578427249393735,0.4054836501887508
MGEE,2015-01-01,2024-12-31,1,0.9403267149587868,0.6285,0.5381,309.8456,0.0172,Small,0.0,0.0,,0.0,0.0
MGEE,2015-01-01,2024-12-31,2,0.9403267149587868,0.6285,0.5381,309.8456,0.0172,Small,0.0,0.0,,0.0,0.0
MGEE,2015-01-01,2024-12-31,3,0.9403267149587868,0.6285,0.5381,309.8456,0.0172,Small,0.0,0.0,,0.0,0.0
MGEE,2015-01-01,2024-12-31,5,0.9403267149587868,0.6285,0.5381,309.8456,0.0172,Small,0.13989227322495937,0.014017038907630125,0.15827367013518284,0.22004734929759784,0.08856203875008431
MGEE,2015-01-01,2024-12-31,8,0.9403267149587868,0.6285,0.5381,309.8456,0.0172,Small,-0.37895573303441604,-0.03797091241537688,-0.28278714901967056,0.46279767622503365,0.13427382590407472
MGEE,2015-01-01,2024-12-31,13,0.9403267149587868,0.6285,0.5381,309.8456,0.0172,Small,-0.03912568271966435,-0.003920346737715872,-0.025123260334983803,0.41467845379932444,0.15604450558739152
MGEE,2015-01-01,2024-12-31,21,0.9403267149587868,0.6285,0.5381,309.8456,0.0172,Small,0.4509713969001157,0.0451867960313436,0.26447948923260406,0.2848333814950541,0.17085179709948237
MGEE,2015-01-01,2024-12-31,34,0.9403267149587868,0.6285,0.5381,309.8456,0.0172,Small,0.4337008066219288,0.043456303486571,0.24866500417999066,0.3165117842552033,0.1747584209924293
MGEE,2015-01-01,2024-12-31,55,0.9403267149587868,0.6285,0.5381,309.8456,0.0172,Small,0.4359114978841614,0.04367781211403923,0.25131724167193775,0.2722991329179273,0.17379552562117878
MGEE,2015-01-01,2024-12-31,89,0.9403267149587868,0.6285,0.5381,309.8456,0.0172,Small,0.6961774533369975,0.06975615039400532,0.3833489037579619,0.26143171917129515,0.18196517509294308
MGEE,2015-01-01,2024-12-31,144,0.9403267149587868,0.6285,0.5381,309.8456,0.0172,Small,1.0216104633911844,0.1023641498109656,0.5451220880217187,0.22261046936154238,0.18778206214767657
CRVL,2015-01-01,2024-12-31,1,2.212203849131675,0.9576,0.6422,-760819.7457,0.0208,Small,0.0,0.0,,0.0,0.0
CRVL,2015-01-01,2024-12-31,2,2.212203849131675,0.9576,0.6422,-760819.7457,0.0208,Small,0.0,0.0,,0.0,0.0
CRVL,2015-01-01,2024-12-31,3,2.212203849131675,0.9576,0.6422,-760819.7457,0.0208,Small,0.0,0.0,,0.0,0.0
CRVL,2015-01-01,2024-12-31,5,2.212203849131675,0.9576,0.6422,-760819.7457,0.0208,Small,0.1621668141054638,0.016248921333827784,0.12785046910148012,0.2836842871070522,0.1270931694504019
CRVL,2015-01-01,2024-12-31,8,2.212203849131675,0.9576,0.6422,-760819.7457,0.0208,Small,0.8703208147831905,0.0872051074852342,0.5573952851134695,0.3167697555231277,0.15645110357810396
CRVL,2015-01-01,2024-12-31,13,2.212203849131675,0.9576,0.6422,-760819.7457,0.0208,Small,0.34831516482086866,0.034900764029764976,0.1925990374970506,0.43039743265316455,0.18120944155964142
CRVL,2015-01-01,2024-12-31,21,2.212203849131675,0.9576,0.6422,-760819.7457,0.0208,Small,-0.19069163436018433,-0.01910707429772026,-0.09988164079215947,0.6119294451084356,0.1912971607813248
CRVL,2015-01-01,2024-12-31,34,2.212203849131675,0.9576,0.6422,-760819.7457,0.0208,Small,-0.14813977412565293,-0.014843428659906378,-0.07708552438773905,0.46153664948768125,0.19255792547047032
CRVL,2015-01-01,2024-12-31,55,2.212203849131675,0.9576,0.6422,-760819.7457,0.0208,Small,-0.5889077520265524,-0.05900785427860486,-0.26567368986459255,0.6134775466672331,0.22210650331494902
CRVL,2015-01-01,2024-12-31,89,2.212203849131675,0.9576,0.6422,-760819.7457,0.0208,Small,-0.20626310169898798,-0.020667316750753468,-0.09269873877425838,0.5773236727173274,0.22295143411910798
CRVL,2015-01-01,2024-12-31,144,2.212203849131675,0.9576,0.6422,-760819.7457,0.0208,Small,-0.7472581577762452,-0.07487437604756016,-0.3281688406638042,0.631424639017433,0.2281580905003286
CVGW,2015-01-01,2024-12-31,1,-0.4524732798489264,0.7068,0.5261,469.6054,0.025,Small,0.0,0.0,,0.0,0.0
CVGW,2015-01-01,2024-12-31,2,-0.4524732798489264,0.7068,0.5261,469.6054,0.025,Small,0.0,0.0,,0.0,0.0
CVGW,2015-01-01,2024-12-31,3,-0.4524732798489264,0.7068,0.5261,469.6054,0.025,Small,0.0,0.0,,0.0,0.0
CVGW,2015-01-01,2024-12-31,5,-0.4524732798489264,0.7068,0.5261,469.6054,0.025,Small,-0.6242719920415745,-0.06255130894412596,-0.39083227763184336,0.5221836931920545,0.16004642534424476
CVGW,2015-01-01,2024-12-31,8,-0.4524732798489264,0.7068,0.5261,469.6054,0.025,Small,-0.7629952368402375,-0.07645121259790849,-0.34141052517368636,0.558987706256487,0.2239275211536473
CVGW,2015-01-01,2024-12-31,13,-0.4524732798489264,0.7068,0.5261,469.6054,0.025,Small,-0.22612379455898954,-0.022657334484638317,-0.1019770481699129,0.5226300983570602,0.22218072489102592
CVGW,2015-01-01,2024-12-31,21,-0.4524732798489264,0.7068,0.5261,469.6054,0.025,Small,-0.16833397399838534,-0.016866863398645373,-0.07317820515479927,0.5428671679977436,0.23049025817134555
CVGW,2015-01-01,2024-12-31,34,-0.4524732798489264,0.7068,0.5261,469.6054,0.025,Small,0.10040460549031005,0.01006042170320403,0.04208883534125702,0.5599685035593632,0.23902827487702982
CVGW,2015-01-01,2024-12-31,55,-0.4524732798489264,0.7068,0.5261,469.6054,0.025,Small,0.3516192131888177,0.03523182573502269,0.15258296864406956,0.5122634236235882,0.23090274129616659
CVGW,2015-01-01,2024-12-31,89,-0.4524732798489264,0.7068,0.5261,469.6054,0.025,Small,-0.05288084903376711,-0.00529859799463591,-0.022850755096269694,0.6382798446294643,0.23187846407320198
CVGW,2015-01-01,2024-12-31,144,-0.4524732798489264,0.7068,0.5261,469.6054,0.025,Small,0.37355198644229715,0.03742946345266755,0.16177334787702707,0.5851849431129662,0.23136977718430957
CLW,2015-01-01,2024-12-31,1,-0.874198178717944,0.0748,0.5221,136.4482,0.0327,Small,0.0,0.0,,0.0,0.0
CLW,2015-01-01,2024-12-31,2,-0.874198178717944,0.0748,0.5221,136.4482,0.0327,Small,0.0,0.0,,0.0,0.0
CLW,2015-01-01,2024-12-31,3,-0.874198178717944,0.0748,0.5221,136.4482,0.0327,Small,0.0,0.0,,0.0,0.0
CLW,2015-01-01,2024-12-31,5,-0.874198178717944,0.0748,0.5221,136.4482,0.0327,Small,-0.41682516732813113,-0.041765384559319704,-0.18481879258659592,0.7953850028460285,0.22598018293919295
CLW,2015-01-01,2024-12-31,8,-0.874198178717944,0.0748,0.5221,136.4482,0.0327,Small,-1.0319407048475426,-0.10339922768253708,-0.3964847030591461,0.8260592462889423,0.26078995452975234
CLW,2015-01-01,2024-12-31,13,-0.874198178717944,0.0748,0.5221,136.4482,0.0327,Small,-0.0139772052259719,-0.001400499291031777,-0.004461540070897946,0.5413759317959896,0.313904900275816
CLW,2015-01-01,2024-12-31,21,-0.874198178717944,0.0748,0.5221,136.4482,0.0327,Small,0.8762782271869736,0.08780203310183593,0.28104576863067027,0.5805217806101701,0.31241186632921314
CLW,2015-01-01,2024-12-31,34,-0.874198178717944,0.0748,0.5221,136.4482,0.0327,Small,0.6326304979516878,0.06338882126593452,0.18854639746042318,0.5640001504393964,0.3361974671472583
CLW,2015-01-01,2024-12-31,55,-0.874198178717944,0.0748,0.5221,136.4482,0.0327,Small,1.479441542531223,0.14823827782022594,0.582949348196752,0.3555459496915059,0.2542901510719141
CLW,2015-01-01,2024-12-31,89,-0.874198178717944,0.0748,0.5221,136.4482,0.0327,Small,1.2342828199957026,0.1236736662580187,0.49362450882628206,0.4090528981976428,0.2505419889950042
CLW,2015-01-01,2024-12-31,144,-0.874198178717944,0.0748,0.5221,136.4482,0.0327,Small,0.5816005796169996,0.0582756843194767,0.24768514260232624,0.3741642087484347,0.23528130798318372
AMSC,2015-01-01,2024-12-31,1,1.1207098937828943,0.3817,0.587,211.8174,0.0483,Small,0.0,0.0,,0.0,0.0
AMSC,2015-01-01,2024-12-31,2,1.1207098937828943,0.3817,0.587,211.8174,0.0483,Small,0.0,0.0,,0.0,0.0
AMSC,2015-01-01,2024-12-31,3,1.1207098937828943,0.3817,0.587,211.8174,0.0483,Small,0.0,0.0,,0.0,0.0
AMSC,2015-01-01,2024-12-31,5,1.1207098937828943,0.3817,0.587,211.8174,0.0483,Small,-0.6715062694141594,-0.06728412719378456,-0.21724420026538632,0.5624942236956385,0.30971656371765055
AMSC,2015-01-01,2024-12-31,8,1.1207098937828943,0.3817,0.587,211.8174,0.0483,Small,-0.4432076683385837,-0.04440887969038692,-0.10521465615052268,0.6975657853767564,0.42207883687662756
AMSC,2015-01-01,2024-12-31,13,1.1207098937828943,0.3817,0.587,211.8174,0.0483,Small,-1.0255783790832278,-0.10276173023020811,-0.22524548913537132,0.8364490394145747,0.45622103521215857
AMSC,2015-01-01,2024-12-31,21,1.1207098937828943,0.3817,0.587,211.8174,0.0483,Small,-1.9503529985978891,-0.19542304399469904,-0.40184970298465217,0.9182481968524661,0.48630879292241963
AMSC,2015-01-01,2024-12-31,34,1.1207098937828943,0.3817,0.587,211.8174,0.0483,Small,-0.27377761446372273,-0.027432190395569832,-0.05473105580675655,0.7596660336108675,0.5012180012098968
AMSC,2015-01-01,2024-12-31,55,1.1207098937828943,0.3817,0.587,211.8174,0.0483,Small,0.0861071073815658,0.008627829447377567,0.01724660353261832,0.7542631161914266,0.500262525955319
AMSC,2015-01-01,2024-12-31,89,1.1207098937828943,0.3817,0.587,211.8174,0.0483,Small,0.43088006123440215,0.04317366816344705,0.08879722977726212,0.7335688640363884,0.48620512454885534
AMSC,2015-01-01,2024-12-31,144,1.1207098937828943,0.3817,0.587,211.8174,0.0483,Small,0.29796254045543424,0.029855491131121046,0.06117391365346289,0.694814343856671,0.488042849444716
BBY,2015-01-01,2024-12-31,1,1.141810620239329,0.514,0.5961,450.6659,0.0232,Small,0.0,0.0,,0.0,0.0
BBY,2015-01-01,2024-12-31,2,1.141810620239329,0.514,0.5961,450.6659,0.0232,Small,0.0,0.0,,0.0,0.0
BBY,2015-01-01,2024-12-31,3,1.141810620239329,0.514,0.5961,450.6659,0.0232,Small,0.0,0.0,,0.0,0.0
BBY,2015-01-01,2024-12-31,5,1.141810620239329,0.514,0.5961,450.6659,0.0232,Small,-0.314227360561303,-0.03148520670435322,-0.248708222232434,0.5068032939527154,0.12659495702127713
BBY,2015-01-01,2024-12-31,8,1.141810620239329,0.514,0.5961,450.6659,0.0232,Small,0.3497665052980585,0.035046186614358155,0.2019883657438356,0.35211932432104287,0.1735059664713769
BBY,2015-01-01,2024-12-31,13,1.141810620239329,0.514,0.5961,450.6659,0.0232,Small,0.16308885730950307,0.01634130896301979,0.08122498960925117,0.4919312884395889,0.20118573165269554
BBY,2015-01-01,2024-12-31,21,1.141810620239329,0.514,0.5961,450.6659,0.0232,Small,0.4034644292617635,0.040426654542331776,0.18540958069104416,0.42585452023642123,0.21803972799925816
BBY,2015-01-01,2024-12-31,34,1.141810620239329,0.514,0.5961,450.6659,0.0232,Small,-0.10020939558603459,-0.010040861903650385,-0.046714843069194587,0.6607444230159127,0.2149394334639579
BBY,2015-01-01,2024-12-31,55,1.141810620239329,0.514,0.5961,450.6659,0.0232,Small,-0.06018336595634155,-0.006030301479522096,-0.027316312101277076,0.6192854260055843,0.22075825818523176
BBY,2015-01-01,2024-12-31,89,1.141810620239329,0.514,0.5961,450.6659,0.0232,Small,0.7917583993211965,0.07933324716856523,0.38995158296681504,0.4484681428184274,0.20344383927098073
BBY,2015-01-01,2024-12-31,144,1.141810620239329,0.514,0.5961,450.6659,0.0232,Small,1.0585976843631668,0.10607022523241275,0.5260932279962831,0.28449758038548134,0.20161868579148892
